,teamid,hteam,ateam,sk,skty,skgrd,x1,y1,hh.mm.ss,hrot,arot,wonlost,hms2,strzn,attzone,speed
1,363,365,363,1,2,3,2.35,18.83,519886,5,1,0,520906,1,1,1020
2,365,365,363,1,2,6,6.33,19.96,539982,6,1,1,541032,5,6,1050
3,365,365,363,1,2,3,7.07,18.99,557792,6,1,0,558845,5,6,1053
4,363,365,363,1,2,3,1.73,19.72,574174,6,2,1,575451,1,5,1277
5,363,365,363,1,2,4,2.03,19.72,600882,6,2,0,602253,1,6,1371
6,365,365,363,1,2,2,2.54,18.91,625659,1,2,1,626813,1,5,1154
7,365,365,363,1,2,4,2.05,19.07,649886,1,2,0,650947,1,6,1061
8,363,365,363,1,2,5,7.06,19.01,669028,1,3,0,669979,5,1,951
9,365,365,363,1,2,3,1.9,19.14,691828,2,3,0,692913,1,1,1085
10,363,365,363,1,2,5,1.48,18.83,722996,2,4,0,724019,1,5,1023
11,365,365,363,1,2,6,6.8,19.07,748293,3,4,1,749447,5,1,1154
12,365,365,363,1,2,3,6.88,19.59,765859,3,4,1,766881,5,5,1022
13,365,365,363,1,2,4,6.38,18.91,786333,3,4,1,787356,5,5,1023
14,365,365,363,1,2,4,6.38,19.07,807640,3,4,1,808990,5,8,1350
15,365,365,363,1,2,3,6.91,19.14,960669,3,4,1,961688,5,5,1019
16,365,365,363,1,2,3,6.77,18.83,989174,3,4,0,990231,5,5,1057
17,363,365,363,1,2,3,1.79,18.48,1008065,3,5,0,1008960,1,5,895
18,365,365,363,1,3,1,5.38,18.91,1026745,4,5,0,1027929,6,5,1184
19,363,365,363,1,2,3,6.29,18.48,1045569,4,6,0,1046819,5,8,1250
20,365,365,363,1,2,5,2.15,18.91,1066517,5,6,1,1067605,1,5,1088
21,365,365,363,1,2,4,1.66,19.44,1092103,5,6,1,1093063,1,1,960
22,365,365,363,1,2,3,2.04,19.52,1221947,5,6,0,1222967,1,5,1020
23,363,365,363,1,2,4,2.54,18.48,1247768,5,1,0,1248755,1,1,987
24,365,365,363,1,2,1,5.19,18.76,1269359,6,1,0,1270765,6,1,1406
25,363,365,363,1,2,3,1.2,20.82,1283678,6,2,0,1285081,1,6,1403
26,365,365,363,1,2,3,2.51,18.37,1313511,1,2,0,1314591,1,6,1080
27,363,365,363,1,2,4,7.27,19.72,1333840,1,3,0,1334830,5,1,990
28,365,365,363,1,2,3,1.53,18.76,1361570,2,3,0,1362466,1,9,896
29,363,365,363,1,2,5,1.05,19.36,1387861,2,4,0,1388883,1,5,1022
30,365,365,363,1,2,6,6.58,18.76,1408744,3,4,1,1409866,5,6,1122
31,365,365,363,1,2,4,6.49,18.37,1427524,3,4,1,1428583,5,5,1059
32,365,365,363,1,2,2,6.88,18.99,1450727,3,4,1,1451649,5,5,922
33,365,365,363,1,2,4,6.52,19.22,1468509,3,4,0,1469565,5,5,1056
34,363,365,363,1,2,3,3.38,19.72,1487686,3,5,0,1488645,6,5,959
35,365,365,363,1,2,3,3.57,18.76,1521388,4,5,0,1522415,6,6,1027
36,363,365,363,1,2,1,6.6,20.82,1543277,4,6,0,1544620,5,1,1343
37,365,365,363,1,2,3,2.83,19.29,1560351,5,6,1,1561283,1,5,932
38,365,365,363,1,2,4,3.15,19.36,1791441,5,1,1,1792431,6,6,990
39,365,365,363,1,2,1,1.47,19.18,1826387,5,1,0,1827574,1,1,1187
40,363,365,363,1,2,6,1.84,19.89,1841567,5,2,1,1842890,1,6,1323
41,363,365,363,1,2,3,1.71,19.14,1857879,5,2,0,1859093,1,6,1214
42,365,365,363,1,2,3,1.52,19.18,1888079,6,2,1,1889071,1,6,992
43,365,365,363,1,2,4,2.12,18.83,1915481,6,2,0,1916443,1,9,962
44,363,365,363,1,2,3,7.09,19.29,1940210,6,3,1,1941281,5,6,1071
45,363,365,363,1,2,1,7.67,18.76,1967506,6,3,0,1968913,5,1,1407
46,365,365,363,1,2,3,2.06,18.83,1988599,1,3,1,1989527,1,7,928
47,365,365,363,1,2,5,1.57,19.36,2012341,1,3,1,2013238,1,5,897
48,365,365,363,1,2,4,0.92,19.54,2036080,1,3,1,2037040,1,5,960
49,365,365,363,1,2,3,2.06,20.27,2056628,1,3,1,2057620,1,5,992
50,365,365,363,1,2,5,1.08,18.83,2184015,1,3,1,2185104,1,5,1089
51,365,365,363,1,2,3,1.13,19.9,2209395,1,3,0,2210384,1,5,989
52,363,365,363,1,2,4,1.95,19.37,2233672,1,4,0,2234735,1,6,1063
53,365,365,363,1,2,6,1.66,19.9,2256581,2,4,1,2257540,1,9,959
54,365,365,363,1,2,4,1.51,19.36,2275344,2,4,0,2276303,1,1,959
55,363,365,363,1,2,3,3.34,18.6,2307115,2,5,1,2308041,6,6,926
56,363,365,363,1,2,3,3.58,18.99,2325923,2,5,1,2326914,6,7,991
57,363,365,363,1,2,1,2.44,19.29,2348715,2,5,0,2350733,1,5,2018
58,365,365,363,1,2,6,6.49,19.36,2369235,3,5,1,2370187,5,5,952
59,365,365,363,1,2,5,7.02,20.82,2386257,3,5,0,2387293,5,7,1036
60,363,365,363,1,2,4,6.7,19.37,2408171,3,6,0,2409258,5,1,1087
61,365,365,363,1,2,5,2.24,18.66,2435598,4,6,1,2436554,1,5,956
62,365,365,363,1,2,4,2.51,19.36,2458806,4,6,0,2459637,1,7,831
63,363,365,363,1,2,3,3.55,19.37,2480738,4,1,0,2481935,6,1,1197
64,365,365,363,1,2,3,2.36,18.66,2501297,5,1,1,2502257,1,6,960
65,365,365,363,1,2,1,2.15,19.54,2524449,5,1,0,2525759,1,1,1310
66,363,365,363,1,2,4,2.28,19.67,2538514,5,2,0,2539959,1,1,1445
67,365,365,363,1,2,3,6.6,19.18,2563039,6,2,1,2564095,5,6,1056
68,365,365,363,1,2,4,7.14,19.54,2582316,6,2,0,2583213,5,5,897
69,363,365,363,1,2,1,7.32,18.68,2605940,6,3,0,2607058,5,1,1118
70,365,365,363,1,2,5,1.51,19.36,2626470,1,3,0,2627628,1,5,1158
71,363,365,363,1,2,3,1.28,19.89,2649279,1,4,0,2650331,1,6,1052
72,365,365,363,1,2,6,1.5,19.72,2686210,2,4,1,2687267,1,1,1057
73,365,365,363,1,2,1,1.92,19.54,2709899,2,4,0,2711213,1,6,1314
74,363,365,363,1,2,5,4.09,19.81,2724441,2,5,1,2725399,6,5,958
75,363,365,363,1,2,6,4.31,19.07,2746700,2,5,1,2747554,6,6,854
76,363,365,363,1,2,4,4.08,18.99,2762375,2,5,0,2763263,6,7,888
77,365,365,363,1,2,5,7.45,19.9,2786503,3,5,0,2787528,5,5,1025
78,363,365,363,1,2,3,6.45,19.07,2809413,3,6,1,2810505,5,6,1092
79,363,365,363,1,2,4,6.73,18.91,2829677,3,6,1,2830706,5,6,1029
80,363,365,363,1,2,4,6.79,19.22,2929108,3,6,1,2930130,5,6,1022
81,363,365,363,1,2,3,6.45,19.14,2963740,3,6,0,2964761,5,6,1021
82,365,365,363,1,2,3,7.2,19.54,2992530,4,6,1,2993526,5,9,996
83,363,365,363,1,2,3,2.02,18.48,3339591,5,1,0,3340586,1,6,995
84,365,365,363,1,2,4,1.88,19.37,3372833,6,1,0,3373851,1,1,1018
85,363,365,363,1,2,4,2.56,19.72,3419061,6,2,0,3420530,1,6,1469
86,365,365,363,1,2,4,2.4,18.52,3446500,1,2,0,3447588,1,1,1088
87,363,365,363,1,2,4,8.07,19.36,3464576,1,3,0,3465569,5,9,993
88,365,365,363,1,2,5,1.07,19.22,3506002,2,3,1,3507019,1,5,1017
89,365,365,363,1,2,2,1.4,19.07,3530584,2,3,1,3531571,1,5,987
90,365,365,363,1,2,3,1.54,18.44,3550713,2,3,1,3551827,1,5,1114
91,365,365,363,1,2,4,1.41,19.67,3573227,2,3,1,3574182,1,5,955
92,365,365,363,1,2,6,1.82,18.52,3711471,2,3,1,3712813,1,8,1342
93,365,365,363,1,2,4,0.72,18.83,3729291,2,3,0,3730278,1,5,987
94,363,365,363,1,2,3,1.61,19.72,3753584,2,4,1,3754476,1,6,892
95,363,365,363,1,2,3,1.59,19.01,3786266,2,4,1,3787477,1,8,1211
96,363,365,363,1,2,3,1.6,18.83,3816629,2,4,0,3817812,1,8,1183
97,365,365,363,1,2,3,7.11,18.44,3840885,3,4,1,3841908,5,5,1023
98,365,365,363,1,2,2,6.77,18.83,3869669,3,4,1,3870725,5,7,1056
99,365,365,363,1,2,3,5.39,18.76,3887533,3,4,1,3888591,6,7,1058
100,365,365,363,1,2,5,6.49,19.14,4005334,3,4,1,4006322,5,5,988
101,365,365,363,1,2,4,7.45,19.07,4029365,3,4,0,4030382,5,6,1017
102,363,365,363,1,2,1,3.32,19.9,4047617,3,5,0,4048842,6,5,1225
103,365,365,363,1,2,6,6.87,19.14,4073034,4,5,1,4074058,5,1,1024
104,365,365,363,1,2,4,7.04,18.21,4092150,4,5,0,4093170,5,1,1020
105,363,365,363,1,2,3,7.72,20.45,4114357,4,6,0,4115349,5,1,992
106,365,365,363,1,2,4,2.52,19.22,4133020,5,6,1,4134103,1,5,1083
107,365,365,363,1,2,3,2.38,18.76,4156239,5,6,1,4157194,1,6,955
108,365,365,363,1,2,4,1.46,18.83,4179055,5,6,0,4180111,1,5,1056
109,363,365,363,1,2,3,1.83,20.27,4201910,5,1,1,4202932,1,6,1022
110,363,365,363,1,2,6,2.06,19.01,4218391,5,1,1,4219446,1,6,1055
111,363,365,363,1,2,3,2.71,20.64,4232534,5,1,0,4233688,1,1,1154
112,365,365,363,1,2,1,1.04,19.74,4255477,6,1,0,4256565,1,1,1088
113,363,365,363,1,2,3,1.7,19.18,4270953,6,2,0,4272301,1,6,1348
114,365,365,363,1,2,3,1.89,18.91,4298169,1,2,1,4299165,1,5,996
115,365,365,363,1,2,4,2.46,18.83,4317812,1,2,0,4318864,1,6,1052
116,363,365,363,1,2,4,7.46,20.08,4336466,1,3,0,4337554,5,1,1088
117,365,365,363,1,2,1,2.05,19.14,4359246,2,3,0,4360242,1,1,996
118,363,365,363,1,2,3,1.44,19.72,4379760,2,4,0,4380712,1,6,952
119,365,365,363,1,2,3,7.14,18.52,4408655,3,4,0,4409709,5,7,1054
120,363,365,363,1,2,3,2.96,19.9,4431152,3,5,0,4432177,1,6,1025
121,365,365,363,1,2,4,1.61,18.83,4454160,4,5,1,4455246,1,6,1086
122,359,365,359,1,2,4,2.9,19.04,523215,5,1,0,524200,1,9,985
123,365,365,359,1,2,3,2.41,18.69,558549,6,1,1,559657,1,9,1108
124,365,365,359,1,2,3,2.43,18.61,580301,6,1,1,581377,1,1,1076
125,365,365,359,1,2,3,2.14,18.76,602009,6,1,1,603051,1,9,1042
126,365,365,359,1,2,3,1.76,18.91,626824,6,1,0,627835,1,5,1011
127,359,365,359,1,2,5,6.76,19.29,648247,6,2,0,649189,5,8,942
128,365,365,359,1,2,3,2.45,18.83,673710,1,2,1,674752,1,6,1042
129,365,365,359,1,2,4,2.04,18.72,704997,1,2,1,705906,1,7,909
130,365,365,359,1,2,3,2.24,18.72,728010,1,2,0,729120,1,6,1110
131,359,365,359,1,3,5,5,19.2,748994,1,3,0,749803,6,8,809
132,365,365,359,1,2,3,1.65,19.01,777965,2,3,0,778907,1,6,942
133,359,365,359,1,2,3,2.51,19.3,802840,2,4,0,803824,1,7,984
134,365,365,359,1,2,3,6.54,18.82,824429,3,4,1,825447,5,7,1018
135,365,365,359,1,2,3,6.76,18.92,860755,3,4,1,861772,5,7,1017
136,365,365,359,1,2,5,6.51,18.92,885977,3,4,1,886927,5,5,950
137,365,365,359,1,2,5,6.64,18.82,912600,3,4,1,913584,5,7,984
138,365,365,359,1,2,3,6.64,18.73,1020479,3,4,0,1021931,5,8,1452
139,359,365,359,1,2,3,2.35,19.19,1040913,3,5,1,1041865,1,7,952
140,359,365,359,1,2,3,6.93,19.51,1061719,3,5,0,1062695,5,8,976
141,365,365,359,1,2,3,5.94,18.92,1089353,4,5,1,1090328,6,9,975
142,365,365,359,1,2,5,5.53,18.96,1116509,4,5,0,1117393,6,6,884
143,359,365,359,1,2,3,2.27,19.3,1142807,4,6,0,1144016,1,8,1209
144,365,365,359,1,2,1,2.45,18.96,1166200,5,6,0,1167442,1,1,1242
145,359,365,359,1,2,3,2.86,19.19,1192628,5,1,0,1193510,1,9,882
146,365,365,359,1,2,3,2.15,18.78,1221044,6,1,1,1222223,1,6,1179
147,365,365,359,1,2,3,2.23,18.87,1253305,6,1,1,1254414,1,9,1109
148,365,365,359,1,2,3,2.33,18.82,1279251,6,1,0,1280326,1,9,1075
149,359,365,359,1,2,3,6.46,19.4,1302646,6,2,0,1303830,5,8,1184
150,365,365,359,1,2,5,2.42,19.01,1331914,1,2,0,1332959,1,6,1045
151,359,365,359,1,3,1,5.44,19.19,1352763,1,3,0,1353596,6,1,833
152,365,365,359,1,2,5,2.13,18.87,1371965,2,3,1,1372874,1,7,909
153,365,365,359,1,2,3,1.83,18.92,1485966,2,3,1,1486951,1,7,985
154,365,365,359,1,2,2,2.05,18.82,1508814,2,3,0,1509731,1,7,917
155,359,365,359,1,2,4,0.71,19.19,1534064,2,4,0,1535106,1,9,1042
156,365,365,359,1,2,5,6.48,18.82,1555734,3,4,1,1556876,5,7,1142
157,365,365,359,1,2,5,2.31,19.4,1791956,5,6,1,1792944,1,7,988
158,365,365,359,1,2,2,1.76,19.3,1813893,5,6,0,1814903,1,8,1010
159,359,365,359,1,2,5,3.01,18.92,1837238,5,1,0,1838247,6,9,1009
160,365,365,359,1,2,2,2.31,19.3,1864976,6,1,1,1866051,1,9,1075
161,365,365,359,1,2,3,2.26,19.51,1888103,6,1,1,1889220,1,8,1117
162,365,365,359,1,2,5,2.03,19.4,1916167,6,1,1,1917209,1,8,1042
163,365,365,359,1,2,3,2.43,19.3,1939028,6,1,1,1940071,1,9,1043
164,365,365,359,1,2,5,2.39,19.3,1963793,6,1,1,1964868,1,9,1075
165,365,365,359,1,2,3,2.11,19.51,2114348,6,1,0,2115439,1,9,1091
166,359,365,359,1,2,3,6.62,18.73,2137779,6,2,0,2138796,5,6,1017
167,365,365,359,1,2,4,2.3,19.51,2161707,1,2,0,2162724,1,7,1017
168,359,365,359,1,3,5,4.89,18.78,2184926,1,3,0,2185676,6,6,750
169,365,365,359,1,2,3,1.37,19.4,2214680,2,3,0,2215568,1,7,888
170,359,365,359,1,2,1,2.18,18.87,2240537,2,4,0,2241957,1,5,1420
171,365,365,359,1,2,3,6.5,19.4,2259055,3,4,1,2260040,5,7,985
172,365,365,359,1,2,5,6.62,19.4,2278769,3,4,0,2279711,5,7,942
173,359,365,359,1,2,3,6.71,19.01,2299161,3,5,0,2300211,5,9,1050
174,365,365,359,1,3,5,6.1,19.19,2322126,4,5,1,2323011,5,8,885
175,365,365,359,1,3,5,6.42,19.4,2347755,4,5,1,2348430,5,8,675
176,365,365,359,1,3,1,5.88,19.62,2367037,4,5,0,2368216,6,1,1179
177,359,365,359,1,2,3,2.08,19.24,2387234,4,6,0,2388488,1,8,1254
178,365,365,359,1,2,4,2.3,19.62,2409873,5,6,1,2410892,1,8,1019
179,365,365,359,1,2,4,2.35,19.19,2429519,5,6,1,2430539,1,7,1020
180,365,365,359,1,2,3,2.04,19.3,2539420,5,6,0,2540832,1,4,1412
181,359,365,359,1,2,5,2.98,18.73,2569533,5,1,1,2570508,1,9,975
182,359,365,359,1,2,4,3.34,18.92,2590749,5,1,0,2591620,6,9,871
183,365,365,359,1,2,6,2.35,19.3,2620584,6,1,1,2621592,1,7,1008
184,365,365,359,1,2,1,2.43,19.3,2647607,6,1,0,2649115,1,5,1508
185,359,365,359,1,2,3,6.56,18.87,2665832,6,2,1,2666807,5,5,975
186,359,365,359,1,2,5,6.84,18.96,2700119,6,2,0,2701228,5,6,1109
187,365,365,359,1,2,4,2.47,19.3,2728090,1,2,1,2729002,1,7,912
188,365,365,359,1,2,5,1.83,19.51,2754392,1,2,0,2755277,1,7,885
189,359,365,359,1,3,4,4.55,18.92,2784984,1,3,0,2785667,6,1,683
190,365,365,359,1,2,3,2.32,19.08,2811506,2,3,1,2812558,1,7,1052
191,365,365,359,1,2,6,2.39,19.3,2831983,2,3,1,2832925,1,7,942
192,365,365,359,1,2,3,2.11,19.3,2850187,2,3,0,2851195,1,7,1008
193,359,365,359,1,2,3,1.46,18.87,2877874,2,4,1,2878924,1,6,1050
194,359,365,359,1,2,3,2.41,18.73,2908234,2,4,1,2909186,1,6,952
195,359,365,359,1,2,4,0.53,18.82,2931119,2,4,0,2932095,1,9,976
196,359,365,359,1,2,3,2.51,19.3,3319476,5,1,0,3320452,1,8,976
197,365,365,359,1,2,2,2.47,18.87,3362133,6,1,1,3363242,1,9,1109
198,365,365,359,1,2,5,1.82,18.87,3384800,6,1,1,3385909,1,8,1109
199,365,365,359,1,2,4,1.33,18.78,3406551,6,1,0,3407634,1,8,1083
200,359,365,359,1,2,4,7.4,19.51,3427216,6,2,0,3428333,5,7,1117
201,365,365,359,1,2,2,2.57,18.92,3453089,1,2,0,3453973,1,7,884
202,359,365,359,1,3,3,4.73,19.19,3475693,1,3,0,3476504,6,8,811
203,365,365,359,1,2,3,1.53,18.73,3497494,2,3,1,3498411,1,8,917
204,365,365,359,1,2,1,1.75,18.96,3525866,2,3,0,3526842,1,1,976
205,359,365,359,1,2,5,1.21,19.3,3546357,2,4,1,3547373,1,7,1016
206,359,365,359,1,2,1,1.25,19.4,3570211,2,4,0,3571663,1,5,1452
207,365,365,359,1,2,5,6.62,18.78,3589213,3,4,1,3590221,5,7,1008
208,365,365,359,1,2,3,6.63,19.01,3610876,3,4,1,3611885,5,8,1009
209,365,365,359,1,2,2,6.82,18.87,3631231,3,4,1,3632273,5,7,1042
210,365,365,359,1,2,5,6.71,18.87,3673512,3,4,0,3674400,5,8,888
211,359,365,359,1,2,5,6.46,19.51,3697842,3,5,1,3698717,5,9,875
212,359,365,359,1,2,1,6.73,19.3,3722646,3,5,0,3724188,5,1,1542
213,365,365,359,1,2,3,2.98,18.92,3750211,4,5,1,3751253,1,8,1042
214,365,365,359,1,2,5,1.77,18.82,3775355,4,5,0,3776263,1,7,908
215,359,365,359,1,2,1,2.11,19.51,3798739,4,6,0,3800415,1,1,1676
216,365,365,359,1,2,1,2.23,18.82,3816540,5,6,0,3817849,1,1,1309
217,359,365,359,1,2,3,2.66,19.3,3836940,5,1,0,3837982,1,8,1042
218,365,365,359,1,2,6,1.44,18.92,3866158,6,1,1,3867200,1,7,1042
219,365,365,359,1,2,4,1.1,18.87,3885531,6,1,1,3886615,1,8,1084
220,365,365,359,1,2,4,2.57,18.82,3911732,6,1,1,3912774,1,9,1042
221,365,365,359,1,2,3,1.28,19.14,4034813,6,1,0,4035855,1,7,1042
222,359,365,359,1,2,3,6.68,19.08,4055664,6,2,0,4056707,5,7,1043
223,365,365,359,1,2,3,2.38,18.78,4081943,1,2,1,4083327,1,4,1384
224,365,365,359,1,2,5,2.37,18.96,4114410,1,2,1,4115393,1,7,983
225,365,365,359,1,2,3,2.57,18.82,4232045,1,2,1,4233062,1,8,1017
226,365,365,359,1,2,1,1.98,18.96,4261583,1,2,0,4263133,1,6,1550
227,359,365,359,1,3,1,4.38,19.62,4279797,1,3,0,4281072,6,1,1275
228,365,365,359,1,2,2,1.24,19.24,4299090,2,3,1,4300073,1,6,983
229,365,365,359,1,2,5,2.83,19.01,4334490,2,3,0,4335575,1,8,1085
230,359,365,359,1,2,2,2.31,19.3,4358025,2,4,1,4359129,1,5,1104
231,359,365,359,1,2,3,1.53,19.3,4377210,2,4,0,4378394,1,7,1184
232,365,365,359,1,2,1,6.56,18.82,4401034,3,4,0,4402117,5,6,1083
233,359,365,359,1,2,5,4.58,19.4,4417771,3,5,0,4418713,6,7,942
234,365,358,365,1,2,3,1.71,19.06,432311,1,5,0,433383,1,5,1072
235,358,358,365,1,3,6,5.29,19.83,460922,2,5,1,461850,6,6,928
236,358,358,365,1,3,3,5.51,19.23,478208,2,5,0,478903,6,1,695
237,365,358,365,1,2,3,2.22,18.96,505333,2,6,1,506433,1,1,1100
238,365,358,365,1,2,3,1.94,18.6,534276,2,6,1,535378,1,9,1102
239,365,358,365,1,2,4,1.43,18.65,558528,2,6,1,559635,1,1,1107
240,365,358,365,1,2,3,2.42,18.96,581089,2,6,1,582061,1,1,972
241,365,358,365,1,2,3,2.65,18.8,608654,2,6,1,609681,1,9,1027
242,365,358,365,1,2,6,1.62,18.8,630403,2,6,1,631632,1,1,1229
243,365,358,365,1,2,4,1.4,19.01,748443,2,6,0,749622,1,1,1179
244,358,358,365,1,2,3,4.5,19.35,774114,3,6,0,775314,6,6,1200
245,365,358,365,1,2,5,2.13,18.8,799634,3,1,1,800634,1,8,1000
246,365,358,365,1,2,5,1.77,18.8,825757,3,1,1,826797,1,8,1040
247,365,358,365,1,2,1,3.09,18.33,857117,3,1,0,858147,6,5,1030
248,358,358,365,1,2,3,7.04,19.35,874843,4,1,0,875768,5,8,925
249,365,358,365,1,2,3,1.6,18.85,905344,4,2,0,906353,1,8,1009
250,358,358,365,1,2,4,0.59,18.76,931936,5,2,1,933004,1,5,1068
251,358,358,365,1,2,5,1.17,19.47,967171,5,2,0,968274,1,5,1103
252,365,358,365,1,2,5,6.76,18.85,993993,5,3,1,995099,5,6,1106
253,365,358,365,1,2,3,6.93,18.6,1017203,5,3,0,1018232,5,7,1029
254,358,358,365,1,2,3,7.72,19.59,1043791,6,3,0,1044749,5,6,958
255,365,358,365,1,2,1,1.44,19.11,1070458,6,4,0,1071783,1,1,1325
256,358,358,365,1,2,3,1.06,18.76,1090096,1,4,0,1091201,1,6,1105
257,365,358,365,1,2,3,1.28,19.01,1109258,1,5,1,1110351,1,5,1093
258,365,358,365,1,2,4,1.24,18.85,1131136,1,5,0,1132160,1,7,1024
259,358,358,365,1,3,1,5.55,19.23,1165567,2,5,0,1166433,6,1,866
260,365,358,365,1,2,6,2.35,18.6,1197327,2,6,1,1198468,1,6,1141
261,365,358,365,1,2,3,1.96,18.85,1316792,2,6,0,1317822,1,1,1030
262,358,358,365,1,2,3,4.38,19.11,1341523,3,6,0,1342705,6,6,1182
263,365,358,365,1,2,3,2.41,18.75,1377710,3,1,1,1378764,1,5,1054
264,365,358,365,1,2,4,2.57,18.7,1400579,3,1,0,1401662,1,5,1083
265,358,358,365,1,2,3,2.48,18.99,1435336,4,1,0,1436463,1,6,1127
266,365,358,365,1,2,4,1.17,19.26,1458530,4,2,0,1459509,1,5,979
267,358,358,365,1,2,3,1.52,18.76,1504713,5,2,0,1505771,1,7,1058
268,365,358,365,1,2,3,7.21,18.75,1532490,5,3,1,1533533,5,6,1043
269,365,358,365,1,2,5,7.02,18.85,1552048,5,3,0,1553077,5,5,1029
270,358,358,365,1,2,5,7.96,18.99,1576065,6,3,1,1576994,5,6,929
271,358,358,365,1,2,3,6.77,18.53,1616409,6,3,0,1617351,5,6,942
272,365,358,365,1,2,1,1.56,18.75,1644960,6,4,0,1645918,1,1,958
273,358,358,365,1,2,3,1.11,19.23,1668641,1,4,0,1669730,1,6,1089
274,358,358,365,1,2,4,2.04,18.54,1927282,5,5,0,1928343,1,1,1061
275,365,358,365,1,2,5,1.04,19.11,1955967,5,6,0,1957017,1,5,1050
276,358,358,365,1,2,5,6.82,18.8,1980614,6,6,0,1981968,5,2,1354
277,365,358,365,1,2,4,1.04,19.71,2020228,6,1,0,2021289,1,5,1061
278,358,358,365,1,2,3,1.28,18.8,2058037,1,1,0,2059033,1,6,996
279,365,358,365,1,2,3,2.66,19.59,2082085,1,2,0,2083059,1,6,974
280,358,358,365,1,3,1,1.24,18.33,2110263,2,2,0,2111633,1,5,1370
281,365,358,365,1,2,6,7.35,19.35,2131461,2,3,1,2132521,5,6,1060
282,365,358,365,1,2,4,6.74,19.83,2148048,2,3,1,2149057,5,1,1009
283,365,358,365,1,2,4,7.83,19.47,2167630,2,3,0,2168594,5,1,964
284,358,358,365,1,2,5,5.19,18.8,2194114,3,3,0,2195204,6,1,1090
285,365,358,365,1,2,4,5.94,18.99,2235813,3,4,0,2236935,6,6,1122
286,358,358,365,1,2,5,6.17,18.8,2256206,4,4,1,2257133,5,5,927
287,358,358,365,1,2,6,6.32,18.91,2282531,4,4,1,2283415,5,5,884
288,358,358,365,1,2,3,7.32,18.96,2299631,4,4,1,2300474,5,6,843
289,358,358,365,1,2,3,6.84,18.75,2419008,4,4,0,2419981,5,6,973
290,365,358,365,1,2,4,1.95,18.64,2442945,4,5,0,2444048,1,5,1103
291,358,358,365,1,2,1,2.43,19.01,2474491,5,5,0,2475325,1,6,834
292,365,358,365,1,2,1,3.09,19.47,2498140,5,6,0,2499554,6,5,1414
293,358,358,365,1,2,1,6.62,19.16,2521583,6,6,0,2522791,5,1,1208
294,365,358,365,1,2,3,2.33,19.95,2542148,6,1,0,2543274,1,5,1126
295,358,358,365,1,2,3,1.57,18.85,2567567,1,1,1,2568697,1,6,1130
296,358,358,365,1,2,3,1.38,18.75,2596014,1,1,0,2597058,1,6,1044
297,365,358,365,1,2,4,2.13,18.99,2619412,1,2,1,2620530,1,6,1118
298,365,358,365,1,2,4,2.48,18.99,2641782,1,2,1,2642807,1,1,1025
299,365,358,365,1,2,3,2.16,18.41,2667791,1,2,0,2668844,1,9,1053
300,358,358,365,1,3,3,3.78,18.91,2691197,2,2,0,2692047,6,6,850
301,365,358,365,1,2,5,7.71,18.76,2713781,2,3,1,2714773,5,1,992
302,365,358,365,1,2,5,7.7,19.35,2733861,2,3,0,2734837,5,9,976
303,358,358,365,1,2,4,4.94,18.49,2763175,3,3,0,2764234,6,6,1059
304,365,358,365,1,2,4,6.79,18.99,2805269,3,4,1,2806306,5,1,1037
305,365,358,365,1,2,3,5.62,18.88,2955281,3,4,1,2956291,6,6,1010
306,365,358,365,1,2,3,6.83,18.99,2988944,3,4,0,2990017,5,6,1073
307,358,358,365,1,2,3,7,18.75,3014299,4,4,0,3015213,5,6,914
308,365,358,365,1,2,3,1.36,18.99,3036770,4,5,1,3037714,1,7,944
309,365,358,365,1,2,2,2.11,19.47,3093053,4,5,0,3094050,1,5,997
310,358,358,365,1,2,4,1.03,19.11,3121091,5,5,0,3122120,1,6,1029
311,365,358,365,1,2,1,6.82,18.88,3146867,5,6,0,3148324,5,5,1457
312,358,358,365,1,2,3,6.62,19.16,3168496,6,6,0,3169425,5,6,929
313,365,358,365,1,2,3,2.8,18.76,3195474,6,1,0,3196583,1,6,1109
314,358,358,365,1,2,4,1.98,19.21,3220671,1,1,0,3221663,1,8,992
315,365,358,365,1,2,5,2.39,19.47,3246663,1,2,1,3247655,1,6,992
316,365,358,365,1,2,6,2.55,19.11,3269690,1,2,1,3270648,1,1,958
317,365,358,365,1,2,5,1.71,18.6,3547813,5,5,0,3548829,1,7,1016
318,358,358,365,1,2,3,7.74,19.23,3574991,6,5,1,3575921,5,6,930
319,358,358,365,1,2,1,7.8,18.99,3597827,6,5,0,3598969,5,1,1142
320,365,358,365,1,2,3,1.43,18.39,3621881,6,6,0,3622938,1,5,1057
321,358,358,365,1,2,4,2.2,19.35,3650298,1,6,0,3651305,1,8,1007
322,365,358,365,1,2,3,2.38,18.6,3679122,1,1,0,3680213,1,6,1091
323,358,358,365,1,3,1,6.1,19.23,3701994,2,1,0,3703003,5,1,1009
324,365,358,365,1,2,5,1.53,18.96,3725086,2,2,0,3726096,1,1,1010
325,358,358,365,1,2,3,4.38,18.99,3753180,3,2,0,3754331,6,7,1151
326,365,358,365,1,2,4,7.18,18.75,3777050,3,3,1,3778184,5,6,1134
327,365,358,365,1,2,3,6.72,18.6,3799874,3,3,0,3800852,5,1,978
328,358,358,365,1,2,5,6.49,19.23,3827479,4,3,1,3828375,5,5,896
329,358,358,365,1,2,1,6.62,18.53,3853326,4,3,0,3854189,5,5,863
330,365,358,365,1,2,4,7.77,18.8,3881100,4,4,1,3882059,5,1,959
331,365,358,365,1,2,3,6.99,18.54,3917545,4,4,0,3918527,5,9,982
332,358,358,365,1,2,2,2.02,18.99,3946765,5,4,0,3947836,1,9,1071
333,365,358,365,1,2,3,0.84,18.75,3977236,5,5,0,3978197,1,5,961
334,358,358,365,1,2,4,6.93,19.59,4002053,6,5,0,4003012,5,6,959
335,365,358,365,1,2,4,6.81,18.96,4024886,6,6,1,4025930,5,7,1044
336,365,358,365,1,2,3,5.77,18.54,4043838,6,6,0,4044775,6,6,937
337,358,358,365,1,2,3,1.21,18.88,4070629,1,6,0,4071638,1,5,1009
338,365,358,365,1,2,4,2.35,18.49,4095142,1,1,0,4096312,1,1,1170
339,358,358,365,1,3,6,4.93,19.35,4119271,2,1,1,4120042,6,6,771
340,358,358,365,1,3,3,5.64,19.59,4139991,2,1,0,4140742,6,6,751
341,365,358,365,1,2,4,2,18.7,4172022,2,2,0,4172925,1,9,903
342,358,358,365,1,2,3,4.5,19.59,4194833,3,2,0,4195905,6,5,1072
343,365,358,365,1,2,5,6.59,18.7,4218341,3,3,0,4219398,5,5,1057
344,358,358,365,1,2,1,7.41,18.88,4247632,4,3,0,4248544,5,6,912
345,365,358,365,1,2,3,3.13,18.6,4279102,4,4,1,4280119,6,8,1017
346,365,358,365,1,2,1,3.22,18.91,4408088,4,4,0,4409563,6,1,1475
347,358,358,365,1,2,4,2.2,19.35,4426214,5,4,0,4427179,1,5,965
348,365,358,365,1,2,3,1.38,18.7,4444994,5,5,1,4446072,1,8,1078
349,365,358,365,1,2,2,1.91,19.31,4463336,5,5,0,4464328,1,7,992
350,358,358,365,1,3,1,6.92,19.23,4500332,6,5,0,4501721,5,5,1389
351,365,358,365,1,2,3,6.32,18.49,4518864,6,6,1,4519908,5,7,1044
352,365,358,365,1,2,1,6.23,18.7,4639622,6,6,0,4640612,5,1,990
353,358,358,365,1,2,5,1.8,18.53,4661232,1,6,1,4662300,1,7,1068
354,358,358,365,1,2,1,1.43,18.99,4682932,1,6,0,4684272,1,1,1340
355,365,358,365,1,2,4,2.85,18.7,4707326,1,1,0,4708544,1,1,1218
356,358,358,365,1,3,5,5.47,18.99,4729518,2,1,1,4730284,6,1,766
357,358,358,365,1,3,4,5.71,19.47,4847839,2,1,0,4848579,6,6,740
358,365,358,365,1,2,6,2.13,18.7,4885308,2,2,1,4886327,1,9,1019
359,365,358,365,1,2,3,1.81,18.91,5005200,2,2,0,5006449,1,1,1249
360,358,358,365,1,2,4,4.58,18.99,5039685,3,2,0,5040856,6,7,1171
361,365,358,365,1,2,4,6.18,19.11,5071254,3,3,1,5072312,5,6,1058
362,365,358,365,1,2,3,6.36,19.16,5092036,3,3,1,5093060,5,7,1024
363,357,365,357,1,2,3,2.85,18.18,169109,5,1,0,170415,1,8,1306
364,365,365,357,1,2,4,2.23,18.7,202064,6,1,0,203231,1,6,1167
365,357,365,357,1,1,5,5.92,19.95,240180,6,2,0,241363,6,6,1183
366,365,365,357,1,2,3,2.16,18.39,271189,1,2,0,272233,1,6,1044
367,357,365,357,1,2,3,4.73,19.23,295363,1,3,0,296625,6,8,1262
368,365,365,357,1,2,3,1.01,18.65,319535,2,3,1,320514,1,5,979
369,365,365,357,1,2,2,0.97,18.7,341010,2,3,0,341954,1,5,944
370,357,365,357,1,2,1,6.9,19.71,378204,2,4,0,379119,5,5,915
371,365,365,357,1,2,5,7.21,19.11,396942,3,4,1,398049,5,1,1107
372,365,365,357,1,2,4,7.05,19.11,420827,3,4,1,421900,5,1,1073
373,365,365,357,1,2,4,7.02,19.21,441500,3,4,1,442591,5,1,1091
374,365,365,357,1,2,4,7.52,18.7,468504,3,4,1,469541,5,1,1037
375,365,365,357,1,2,3,6.45,18.96,489704,3,4,0,490768,5,7,1064
376,357,365,357,1,2,3,3.8,19.11,511783,3,5,0,512957,6,6,1174
377,365,365,357,1,2,5,2.07,18.7,543019,4,5,0,544035,1,7,1016
378,357,365,357,1,2,4,1.38,20.07,563878,4,6,0,564836,1,5,958
379,365,365,357,1,2,5,1.44,18.8,587484,5,6,1,588542,1,5,1058
380,365,365,357,1,2,5,1.29,18.91,608316,5,6,0,609389,1,5,1073
381,357,365,357,1,2,3,2.04,19.23,645881,5,1,1,647110,1,9,1229
382,357,365,357,1,2,3,2.49,18.88,670638,5,1,0,671901,1,9,1263
383,365,365,357,1,2,2,5.17,18.65,692588,6,1,1,693626,6,6,1038
384,365,365,357,1,2,2,6.15,18.07,711398,6,1,1,712356,5,6,958
385,365,365,357,1,2,3,6.64,18.8,815012,6,1,0,816080,5,6,1068
386,357,365,357,1,1,3,5.41,20.07,840547,6,2,1,841814,6,8,1267
387,357,365,357,1,1,2,4.81,19.83,868703,6,2,1,869904,6,5,1201
388,357,365,357,1,1,4,5.29,20.07,886654,6,2,0,887760,6,6,1106
389,365,365,357,1,2,6,2.65,18.96,912997,1,2,1,914154,1,5,1157
390,365,365,357,1,2,4,2.51,18.65,931190,1,2,1,932300,1,8,1110
391,365,365,357,1,2,5,3.03,18.7,1045472,1,2,0,1046560,6,5,1088
392,357,365,357,1,2,3,6.25,19.11,1064861,1,3,0,1066208,5,8,1347
393,365,365,357,1,2,4,1.34,18.6,1095043,2,3,1,1096104,1,5,1061
394,365,365,357,1,2,6,1.07,18.39,1139465,2,3,1,1140705,1,7,1240
395,365,365,357,1,2,6,2.44,18.33,1165383,2,3,1,1166378,1,7,995
396,365,365,357,1,2,4,2.31,18.33,1186246,2,3,0,1187204,1,7,958
397,357,365,357,1,2,3,6.66,19.71,1211189,2,4,0,1212287,5,6,1098
398,365,365,357,1,2,5,6.34,18.44,1234822,3,4,1,1235811,5,6,989
399,365,365,357,1,2,4,5.25,18.7,1258194,3,4,1,1259250,6,6,1056
400,365,365,357,1,2,3,1.08,19.11,1510892,5,1,1,1511948,1,7,1056
401,365,365,357,1,2,2,1.1,19.47,1541404,5,1,1,1542348,1,7,944
402,365,365,357,1,2,4,0.86,18.88,1559694,5,1,1,1560663,1,5,969
403,365,365,357,1,2,1,3.14,19.23,1591315,5,1,0,1592171,6,5,856
404,357,365,357,1,1,3,6.25,19.26,1612163,5,2,0,1613458,5,6,1295
405,365,365,357,1,2,6,5.82,19.11,1635510,6,2,1,1636405,6,5,895
406,365,365,357,1,2,5,5.98,19.35,1652943,6,2,1,1653808,6,6,865
407,365,365,357,1,2,5,4.81,19.11,1678843,6,2,1,1679758,6,5,915
408,365,365,357,1,2,5,5.97,18.64,1704717,6,2,1,1705644,6,7,927
409,365,365,357,1,2,4,5.67,19.47,1806478,6,2,1,1807421,6,7,943
410,365,365,357,1,2,5,6.06,19.23,1836108,6,2,1,1837116,5,5,1008
411,365,365,357,1,2,5,5.74,18.88,2058341,6,2,1,2059235,6,5,894
412,365,365,357,1,2,5,6.39,19.71,2092219,6,2,1,2093212,5,5,993
413,365,365,357,1,2,3,6.36,18.76,2133522,6,2,0,2134404,5,6,882
414,357,365,357,1,2,3,5.88,19.06,2152305,6,3,1,2153635,6,8,1330
415,357,365,357,1,2,3,6.41,18.17,2172290,6,3,0,2173516,5,8,1226
416,365,365,357,1,2,5,2.23,19.47,2199314,1,3,0,2200291,1,5,977
417,357,365,357,1,2,3,2.72,18.7,2234058,1,4,0,2235345,1,8,1287
418,365,365,357,1,2,5,1.86,18.99,2270582,2,4,1,2271569,1,1,987
419,365,365,357,1,2,4,1.42,19.23,2308003,2,4,0,2309080,1,9,1077
420,357,365,357,1,2,3,4.34,18.54,2342871,2,5,0,2344331,6,8,1460
421,365,365,357,1,2,4,7.99,18.88,2369227,3,5,0,2370137,5,9,910
422,357,365,357,1,2,3,6.98,18.6,2391875,3,6,0,2392949,5,6,1074
423,365,365,357,1,2,2,1.16,18.99,2423936,4,6,0,2424833,1,5,897
424,357,365,357,1,2,3,2.81,19.06,2446295,4,1,0,2447669,1,7,1374
425,365,365,357,1,2,4,1.6,19.59,2476793,5,1,0,2477822,1,5,1029
426,357,365,357,1,1,3,7.1,19.61,2500726,5,2,0,2501959,5,6,1233
427,365,365,357,1,2,4,6.36,18.99,2526615,6,2,1,2527612,5,5,997
428,365,365,357,1,2,3,5.28,19.59,2550828,6,2,1,2551835,6,5,1007
429,365,365,357,1,2,1,6.72,20.19,2655569,6,2,0,2656370,5,6,801
430,357,365,357,1,2,3,5.43,18.85,2672705,6,3,0,2674135,6,5,1430
431,365,365,357,1,2,4,1.87,18.76,2697832,1,3,0,2698876,1,5,1044
432,357,365,357,1,2,4,1.81,18.91,2736515,1,4,0,2738007,1,9,1492
433,365,365,357,1,2,3,1.26,19.35,2764945,2,4,1,2765922,1,7,977
434,365,365,357,1,2,4,1.62,19.11,2787640,2,4,1,2788616,1,5,976
435,357,365,357,1,2,3,5.58,18.76,3159809,5,2,1,3161317,6,8,1508
436,357,365,357,1,2,3,7.33,19.71,3180104,5,2,0,3181528,5,3,1424
437,365,365,357,1,2,4,6.22,18.85,3201607,6,2,0,3202619,5,6,1012
438,357,365,357,1,2,3,1.31,19.11,3223004,6,3,0,3224246,1,7,1242
439,365,365,357,1,2,3,2.51,18.7,3254849,1,3,0,3255875,1,5,1026
440,357,365,357,1,2,4,1.12,19.11,3278473,1,4,0,3279706,1,9,1233
441,365,365,357,1,2,5,1.9,19.16,3305326,2,4,1,3306317,1,9,991
442,365,365,357,1,2,6,1.1,19.11,3331261,2,4,1,3332204,1,9,943
443,365,365,357,1,2,6,1.19,18.85,3348664,2,4,1,3349703,1,6,1039
444,365,365,357,1,2,5,1.21,19.11,3368349,2,4,0,3369309,1,8,960
445,357,365,357,1,1,3,6.92,19.23,3391013,2,5,0,3392165,5,8,1152
446,365,365,357,1,2,3,7.77,19.11,3414456,3,5,1,3415518,5,1,1062
447,365,365,357,1,2,6,7.48,18.54,3435513,3,5,1,3436600,5,6,1087
448,365,365,357,1,2,3,7.5,19.21,3460118,3,5,0,3461212,5,1,1094
449,357,365,357,1,2,3,5.52,19.35,3478509,3,6,0,3479776,6,8,1267
450,365,365,357,1,2,4,5.88,18.44,3509946,4,6,1,3510887,6,1,941
451,365,365,357,1,2,5,5.73,19.06,3532506,4,6,1,3533521,6,6,1015
452,365,365,357,1,2,5,5.43,18.54,3588183,4,6,0,3589305,6,1,1122
453,357,365,357,1,2,3,2.36,19.11,3627921,4,1,0,3629152,1,7,1231
454,365,365,357,1,2,3,2.55,18.91,3652234,5,1,1,3653311,1,6,1077
455,365,365,357,1,2,3,3.08,18.8,3678342,5,1,0,3679382,6,5,1040
456,357,365,357,1,2,3,6.89,19.47,3702537,5,2,1,3703819,5,8,1282
457,357,365,357,1,2,4,8.07,18.99,3739078,5,2,0,3740152,5,1,1074
458,365,365,357,1,2,3,1.72,18.44,3794113,6,2,1,3795106,1,6,993
459,365,365,357,1,2,4,1.12,19.31,3825531,6,2,0,3826538,1,7,1007
460,357,365,357,1,2,3,6.48,19.11,3847862,6,3,0,3848894,5,5,1032
461,365,365,357,1,2,4,1.83,18.54,3873237,1,3,0,3874261,1,5,1024
462,357,365,357,1,2,4,1.23,19.23,3924055,1,4,1,3925051,1,1,996
463,357,365,357,1,2,1,1.45,19.47,3955204,1,4,0,3956145,1,1,941
464,365,365,357,1,2,3,2.64,18.75,3974473,2,4,0,3975624,1,7,1151
465,357,365,357,1,1,4,7.47,19.35,3997144,2,5,0,3998204,5,9,1060
466,365,365,357,1,2,4,6.8,19.01,4034614,3,5,1,4035978,5,8,1364
467,365,365,357,1,2,3,7.59,18.8,4056105,3,5,0,4057582,5,9,1477
468,357,365,357,1,2,4,5.98,19.23,4086336,3,6,0,4087460,6,7,1124
469,365,365,357,1,2,3,1.22,19.01,4110211,4,6,1,4111257,1,6,1046
470,365,365,357,1,2,6,1.58,19.01,4225692,4,6,1,4226947,1,6,1255
471,365,365,357,1,2,3,1.89,19.01,4258164,4,6,0,4259223,1,5,1059
472,357,365,357,1,2,2,2.82,19.47,4286935,4,1,1,4287949,1,5,1014
473,357,365,357,1,2,4,2.84,18.76,4304607,4,1,0,4305633,1,7,1026
474,365,365,357,1,2,5,2.4,18.44,4324886,5,1,1,4325943,1,6,1057
475,361,365,361,1,2,6,1.72,19.36,252306,5,4,1,253387,1,8,1081
476,361,365,361,1,2,3,1.6,19.6,269853,5,4,0,270857,1,8,1004
477,365,365,361,1,2,5,1.29,19.23,298385,6,4,1,299392,1,5,1007
478,365,365,361,1,2,3,1.35,19.13,319825,6,4,1,320975,1,5,1150
479,365,365,361,1,2,1,1.74,18.93,341918,6,4,0,342945,1,1,1027
480,361,365,361,1,2,5,1.9,19.72,362174,6,5,1,363214,1,7,1040
481,361,365,361,1,2,1,1.78,19.84,381306,6,5,0,382762,1,1,1456
482,365,365,361,1,2,4,2.05,19,399636,1,5,1,400729,1,9,1093
483,365,365,361,1,2,5,1.84,18.93,420026,1,5,1,421219,1,1,1193
484,365,365,361,1,2,3,1.86,19.13,445476,1,5,0,446478,1,1,1002
485,361,365,361,1,2,3,5.43,19.6,479234,1,6,0,480238,6,9,1004
486,365,365,361,1,2,4,1.15,19.08,502960,2,6,0,503841,1,6,881
487,361,365,361,1,2,1,1.8,19.48,524878,2,1,0,526160,1,5,1282
488,365,365,361,1,2,5,6.84,19.08,543502,3,1,1,544560,5,5,1058
489,365,365,361,1,2,5,7.05,19.08,580659,3,1,1,581752,5,5,1093
490,365,365,361,1,2,3,7.03,18.98,601174,3,1,1,602200,5,5,1026
491,365,365,361,1,2,5,6.85,19.03,622212,3,1,1,623270,5,5,1058
492,365,365,361,1,2,5,7.51,18.98,755851,3,1,1,756878,5,6,1027
493,365,365,361,1,2,3,7.16,18.93,776560,3,1,0,777520,5,5,960
494,361,365,361,1,2,6,1.71,19.59,833523,3,2,1,834503,1,7,980
495,361,365,361,1,2,4,6.28,19.72,856894,3,2,0,857964,5,1,1070
496,365,365,361,1,2,1,7,19.03,889513,4,2,0,890785,5,1,1272
497,361,365,361,1,2,1,2.22,19.6,909703,4,3,0,910897,1,1,1194
498,365,365,361,1,2,2,1.74,18.88,926419,5,3,1,927432,1,5,1013
499,365,365,361,1,2,3,1.6,19.03,943063,5,3,0,944099,1,5,1036
500,361,365,361,1,2,3,6.99,19.84,979252,5,4,0,980261,5,8,1009
501,365,365,361,1,2,5,7.07,18.78,1001581,6,4,1,1002530,5,6,949
502,365,365,361,1,2,6,6.58,18.93,1022955,6,4,1,1023934,5,5,979
503,365,365,361,1,2,3,6.78,18.93,1146943,6,4,1,1147991,5,6,1048
504,365,365,361,1,2,5,5.26,18.78,1167800,6,4,1,1168804,6,6,1004
505,365,365,361,1,2,3,7.07,18.72,1196155,6,4,0,1197215,5,6,1060
506,361,365,361,1,2,3,2.12,20.08,1217671,6,5,1,1218753,1,8,1082
507,361,365,361,1,2,1,1.67,19.72,1239120,6,5,0,1240555,1,1,1435
508,365,365,361,1,2,6,1.4,19.13,1259096,1,5,1,1260144,1,9,1048
509,365,365,361,1,2,3,1.94,19.18,1277268,1,5,0,1278328,1,9,1060
510,361,365,361,1,2,4,4.89,19.72,1301633,1,6,0,1302695,6,9,1062
511,365,365,361,1,2,1,0.88,18.93,1323688,2,6,0,1325014,1,5,1326
512,361,365,361,1,2,3,7.8,19.84,1345257,2,1,1,1346241,5,5,984
513,361,365,361,1,2,1,7.69,19.84,1366405,2,1,0,1367972,5,1,1567
514,365,365,361,1,2,3,1.93,19.96,1588863,5,5,0,1589832,1,7,969
515,361,365,361,1,2,3,4.6,18.98,1614144,5,6,1,1615147,6,6,1003
516,361,365,361,1,2,3,5,19.23,1648896,5,6,0,1649932,6,1,1036
517,365,365,361,1,2,2,1.91,19.48,1676751,6,6,1,1677723,1,9,972
518,365,365,361,1,2,4,2.18,19.48,1696182,6,6,1,1697232,1,9,1050
519,365,365,361,1,2,5,2.41,19.6,1722117,6,6,1,1723121,1,8,1004
520,365,365,361,1,2,3,1.79,19.6,1745177,6,6,0,1746237,1,9,1060
521,361,365,361,1,2,3,2.17,18.98,1777862,6,1,0,1778953,1,6,1091
522,365,365,361,1,2,5,2.02,19.6,1808405,1,1,1,1809565,1,6,1160
523,365,365,361,1,2,4,2.17,19.72,1834838,1,1,0,1835912,1,8,1074
524,361,365,361,1,2,4,5.53,19.18,1866619,1,2,0,1867722,6,1,1103
525,365,365,361,1,2,4,1.33,19.48,1923893,2,2,1,1924896,1,9,1003
526,365,365,361,1,2,5,1.63,19.72,1945130,2,2,1,1946109,1,9,979
527,365,365,361,1,2,1,1.2,19.72,2078216,2,2,0,2079240,1,1,1024
528,361,365,361,1,2,3,2.35,18.93,2098186,2,3,0,2099209,1,1,1023
529,365,365,361,1,2,5,7.56,19.72,2121195,3,3,0,2122256,5,7,1061
530,361,365,361,1,2,5,6.61,19.23,2152474,3,4,1,2153400,5,1,926
531,361,365,361,1,2,3,6.61,19.23,2178848,3,4,0,2179907,5,1,1059
532,365,365,361,1,2,6,4.19,19.72,2208994,4,4,1,2210085,6,6,1091
533,365,365,361,1,2,3,2.41,19.72,2228351,4,4,1,2229343,1,7,992
534,365,365,361,1,2,3,1.94,19.84,2257084,4,4,1,2258245,1,8,1161
535,365,365,361,1,2,3,1.7,19.84,2285288,4,4,1,2286268,1,7,980
536,365,365,361,1,2,4,2.41,19.6,2308892,4,4,1,2309895,1,7,1003
537,365,365,361,1,2,5,1.8,19.48,2334008,4,4,0,2334965,1,7,957
538,361,365,361,1,2,3,4.68,19.28,2367510,4,5,0,2368469,6,1,959
539,365,365,361,1,2,3,2.25,19.72,2397247,5,5,1,2398284,1,7,1037
540,365,365,361,1,2,3,1.98,19.72,2428156,5,5,0,2429204,1,8,1048
541,361,365,361,1,2,4,6.97,19.08,2453331,5,6,0,2454311,5,1,980
542,365,365,361,1,2,5,6.86,19.6,2474134,6,6,1,2475058,5,8,924
543,365,365,361,1,2,6,5.66,19.36,2510584,6,6,1,2511453,6,7,869
544,365,365,361,1,2,4,7.14,19.72,2529431,6,6,0,2530343,5,7,912
545,361,365,361,1,2,3,2.13,19.03,2553742,6,1,1,2554716,1,5,974
546,361,365,361,1,2,3,1.93,19.08,2598160,6,1,1,2599196,1,5,1036
547,361,365,361,1,2,3,2.46,19.08,2621564,6,1,0,2622635,1,5,1071
548,365,365,361,1,2,3,1.9,19.72,2681995,1,1,0,2683233,1,7,1238
549,361,365,361,1,2,3,5.77,18.88,2709052,1,2,0,2710190,6,6,1138
550,365,365,361,1,2,2,2.06,19.72,2764721,2,2,0,2765702,1,8,981
551,361,365,361,1,2,5,1.91,19.18,2790786,2,3,1,2791754,1,6,968
552,361,365,361,1,2,5,1.93,19.08,2817368,2,3,0,2818281,1,6,913
553,365,365,361,1,2,4,7.6,19.6,2840225,3,3,1,2841273,5,7,1048
554,361,365,361,1,2,5,7.3,19.84,3191511,5,5,1,3192594,5,1,1083
555,361,365,361,1,2,4,6.98,19.6,3212799,5,5,0,3213848,5,9,1049
556,365,365,361,1,2,3,1.56,19.18,3239212,6,5,1,3240302,1,1,1090
557,365,365,361,1,2,3,1.82,18.98,3260453,6,5,0,3261565,1,1,1112
558,361,365,361,1,2,3,2.53,19.6,3287553,6,6,0,3288556,1,7,1003
559,365,365,361,1,2,3,1.96,19.13,3321709,1,6,0,3322756,1,5,1047
560,361,365,361,1,2,5,1.42,19.36,3356097,1,1,0,3357000,1,1,903
561,365,365,361,1,2,5,1.86,18.83,3381980,2,1,1,3382919,1,5,939
562,365,365,361,1,2,3,0.89,19.03,3468387,2,1,1,3469500,1,6,1113
563,365,365,361,1,2,5,1.86,18.83,3492616,2,1,1,3493530,1,6,914
564,365,365,361,1,2,4,1.61,18.83,3538568,2,1,0,3539448,1,8,880
565,361,365,361,1,2,2,4.03,19.72,3567703,2,2,1,3568718,6,5,1015
566,361,365,361,1,2,3,3.77,19.36,3588795,2,2,0,3589898,6,7,1103
567,365,365,361,1,2,5,7.21,18.93,3610670,3,2,1,3611752,5,1,1082
568,365,365,361,1,2,2,7.18,18.93,3635651,3,2,1,3636699,5,5,1048
569,365,365,361,1,2,3,7.22,19.13,3655453,3,2,0,3656479,5,6,1026
570,361,365,361,1,2,3,7.25,19.6,3680998,3,3,0,3681990,5,7,992
571,365,365,361,1,2,3,1.65,19.08,3711661,4,3,1,3712673,1,7,1012
572,365,365,361,1,2,5,2.09,19.18,3734254,4,3,1,3735155,1,7,901
573,365,365,361,1,2,5,1.5,19.03,3760589,4,3,0,3761512,1,7,923
574,361,365,361,1,2,5,1.68,19.48,3803745,4,4,1,3804781,1,9,1036
575,361,365,361,1,2,1,2.44,19.72,3839052,4,4,0,3840331,1,1,1279
576,365,365,361,1,2,3,2.1,18.98,3855901,5,4,0,3856972,1,5,1071
577,361,365,361,1,2,5,7.33,19.6,3890188,5,5,1,3891096,5,6,908
578,361,365,361,1,2,4,5.73,19.36,3913474,5,5,0,3914490,6,1,1016
579,365,365,361,1,2,3,6.95,18.98,4043682,6,5,1,4044607,5,6,925
580,365,365,361,1,2,5,6.63,18.88,4069663,6,5,0,4070734,5,6,1071
581,361,365,361,1,2,5,4.11,19.84,4105824,6,6,1,4106783,6,8,959
582,361,365,361,1,2,3,2.68,19.72,4147704,6,6,0,4148707,1,5,1003
583,365,365,361,1,2,3,1.72,18.98,4171192,1,6,1,4172261,1,1,1069
584,365,365,361,1,2,4,1.84,18.93,4211800,1,6,0,4212805,1,1,1005
585,361,365,361,1,2,1,1.33,19.48,4240463,1,1,0,4241633,1,1,1170
586,365,365,361,1,2,5,1.53,19.43,4259618,2,1,0,4260644,1,6,1026
587,361,365,361,1,2,3,1.24,19.84,4296237,2,2,0,4297262,1,1,1025
588,365,365,361,1,2,3,6.63,18.93,4319896,3,2,0,4320935,5,7,1039
589,361,365,361,1,2,3,3.65,19.72,4353738,3,3,0,4354814,6,7,1076
590,365,365,361,1,3,3,6.75,19.03,4375732,4,3,0,4376603,5,1,871
591,361,365,361,1,2,6,1.98,19.72,4412365,4,4,1,4413389,1,6,1024
592,361,365,361,1,2,3,1.94,19.72,4433675,4,4,0,4434679,1,9,1004
593,365,365,361,1,2,6,1.83,19.13,4464679,5,4,1,4465671,1,9,992
594,365,365,361,1,2,3,2.04,18.88,4583690,5,4,0,4584705,1,6,1015
595,361,365,361,1,2,5,6.47,19.48,4621859,5,5,0,4622930,5,1,1071
596,365,365,361,1,2,5,6.59,18.72,4663164,6,5,1,4664156,5,7,992
597,365,367,365,1,2,1,2.4,19.08,734528,6,6,0,735825,1,1,1297
598,367,367,365,1,2,3,0.92,18.76,803806,1,6,1,804756,1,6,950
599,367,367,365,1,2,3,1.13,18.68,822569,1,6,0,823595,1,6,1026
600,365,367,365,1,2,3,2.64,19.18,845863,1,1,1,846854,1,5,991
601,365,367,365,1,2,1,2.56,19.18,867080,1,1,0,867857,1,6,777
602,367,367,365,1,2,4,5.21,18.64,889976,2,1,0,891248,6,1,1272
603,365,367,365,1,2,3,1.94,19.18,920398,2,2,0,921534,1,1,1136
604,367,367,365,1,2,2,6.09,19.37,944617,3,2,1,945854,5,6,1237
605,367,367,365,1,2,3,6.3,19.45,971561,3,2,0,972811,5,6,1250
606,365,367,365,1,2,4,6.85,18.99,1004127,3,3,0,1005308,5,5,1181
607,367,367,365,1,2,5,3.79,18.76,1034917,4,3,0,1035942,6,6,1025
608,365,367,365,1,2,4,2.39,19.18,1063747,4,4,1,1064929,1,5,1182
609,365,367,365,1,2,3,1.69,19.18,1092066,4,4,1,1093124,1,7,1058
610,365,367,365,1,2,1,2.23,19.08,1124251,4,4,0,1124852,1,6,601
611,367,367,365,1,2,5,3.95,18.68,1145295,5,4,1,1146299,6,6,1004
612,367,367,365,1,2,1,3.6,18.76,1168320,5,4,0,1169545,6,1,1225
613,365,367,365,1,2,4,2.43,19.18,1185788,5,5,0,1186823,1,8,1035
614,367,367,365,1,2,3,7.37,18.8,1209245,6,5,0,1210259,5,6,1014
615,365,367,365,1,2,4,2.39,19.18,1243586,6,6,1,1244756,1,6,1170
616,365,367,365,1,2,2,2.44,19.08,1280923,6,6,1,1281957,1,9,1034
617,365,367,365,1,2,1,2.39,19.27,1303250,6,6,0,1304720,1,1,1470
618,367,367,365,1,2,6,0.95,18.8,1357438,1,6,1,1358499,1,5,1061
619,367,367,365,1,2,4,0.98,18.84,1379017,1,6,1,1380287,1,4,1270
620,367,367,365,1,2,3,0.85,18.64,1540563,1,6,1,1541621,1,7,1058
621,367,367,365,1,2,2,0.92,18.8,1557947,1,6,0,1558908,1,6,961
622,365,367,365,1,2,4,2.56,19.18,1587437,1,1,1,1588566,1,6,1129
623,365,367,365,1,2,5,2.52,19.08,1612265,1,1,1,1613312,1,7,1047
624,365,367,365,1,2,1,2.43,19.27,1637889,1,1,0,1639384,1,6,1495
625,367,367,365,1,2,3,5.8,19.05,1660057,2,1,0,1661137,6,1,1080
626,365,367,365,1,2,1,1.76,19.36,1681837,2,2,0,1682571,1,5,734
627,367,367,365,1,2,5,6.28,19.37,1699243,3,2,0,1700433,5,6,1190
628,365,367,365,1,2,3,7.1,19.18,2393131,3,3,1,2394212,5,7,1081
629,365,367,365,1,2,4,7.01,18.99,2420210,3,3,1,2421238,5,7,1028
630,365,367,365,1,2,5,7.1,19.18,2514835,3,3,1,2515937,5,5,1102
631,365,367,365,1,2,3,6.82,19.27,2535651,3,3,0,2536823,5,6,1172
632,367,367,365,1,2,3,3.68,18.84,2563696,4,3,1,2564733,6,7,1037
633,367,367,365,1,2,3,4.04,18.84,2587164,4,3,0,2588380,6,6,1216
634,365,367,365,1,2,3,2.35,19.08,2614411,4,4,1,2615494,1,5,1083
635,365,367,365,1,2,3,2.28,18.99,2635795,4,4,0,2636818,1,5,1023
636,367,367,365,1,2,5,3.98,18.72,2666905,5,4,1,2667966,6,6,1061
637,367,367,365,1,2,3,3.9,18.76,2768710,5,4,0,2769791,6,5,1081
638,365,367,365,1,2,3,2.58,19.65,2790402,5,5,0,2791505,1,8,1103
639,367,367,365,1,2,4,7.21,18.72,2833462,6,5,0,2834420,5,6,958
640,365,367,365,1,2,3,2.22,19.36,2947759,6,6,1,2948850,1,1,1091
641,365,367,365,1,2,3,2.18,19.36,2972044,6,6,0,2973235,1,6,1191
642,367,367,365,1,2,3,1.2,18.8,3027230,1,6,0,3028357,1,6,1127
643,367,367,365,1,2,3,1.15,19.27,3276739,1,5,0,3277935,1,9,1196
644,365,367,365,1,2,3,1.81,18.64,3304962,1,6,0,3306042,1,5,1080
645,367,367,365,1,2,3,3.71,19.55,3360076,2,6,1,3361236,6,7,1160
646,367,367,365,1,2,4,3.59,19.36,3386718,2,6,1,3387809,6,8,1091
647,367,367,365,1,2,5,3.29,19.55,3411980,2,6,1,3413061,6,5,1081
648,367,367,365,1,2,1,3.75,19.74,3438238,2,6,0,3439574,6,1,1336
649,365,367,365,1,2,3,2.34,18.76,3460068,2,1,1,3461418,1,6,1350
650,365,367,365,1,2,3,2.5,18.72,3487046,2,1,0,3488103,1,1,1057
651,367,367,365,1,2,3,6.47,20.13,3508591,3,1,0,3509821,5,8,1230
652,365,367,365,1,2,1,1.88,18.89,3539503,3,2,0,3540168,1,6,665
653,367,367,365,1,2,4,3.92,18.99,3565758,4,2,0,3566806,6,6,1048
654,365,367,365,1,2,3,6.78,18.64,3601653,4,3,0,3602678,5,5,1025
655,367,367,365,1,2,6,1.72,19.46,3626462,5,3,1,3627565,1,6,1103
656,367,367,365,1,2,3,1.98,19.27,3642896,5,3,0,3643965,1,6,1069
657,365,367,365,1,2,1,4.83,18.64,3673193,5,4,0,3674087,6,5,894
658,367,367,365,1,2,3,8.13,19.08,3694446,6,4,0,3695437,5,8,991
659,365,367,365,1,2,3,2.23,18.72,3715344,6,5,0,3716358,1,6,1014
660,367,367,365,1,2,3,1.52,19.27,3747953,1,5,0,3749080,1,9,1127
661,365,367,365,1,2,3,6.22,18.76,3793206,1,6,0,3794441,5,7,1235
662,367,367,365,1,2,5,3.71,19.36,3819523,2,6,1,3820638,6,6,1115
663,367,367,365,1,2,3,3.2,19.84,3958798,2,6,0,3959925,6,7,1127
664,365,367,365,1,2,5,2.32,18.8,3988890,2,1,0,3990048,1,1,1158
665,367,367,365,1,2,5,6.43,20.22,4011544,3,1,1,4012804,5,1,1260
666,367,367,365,1,2,3,6.26,19.94,4036222,3,1,1,4037516,5,6,1294
667,367,367,365,1,2,5,6.21,19.84,4058670,3,1,0,4060340,5,9,1670
668,365,367,365,1,2,5,1.75,18.97,4087944,3,2,1,4088939,1,6,995
669,365,367,365,1,2,3,2.2,18.72,4122529,3,2,0,4123634,1,6,1105
670,367,367,365,1,2,4,4.04,19.36,4166523,4,2,0,4167513,6,1,990
671,365,367,365,1,2,3,7.01,18.89,4185852,4,3,0,4186949,5,7,1097
672,367,367,365,1,2,3,7.69,19.36,4213001,5,3,1,4214126,5,9,1125
673,367,367,365,1,2,4,7.36,19.27,4329033,5,3,1,4330091,5,9,1058
674,367,367,365,1,2,5,7.94,19.27,4349907,5,3,1,4350909,5,6,1002
675,367,367,365,1,2,4,7.14,18.99,4379923,5,3,0,4380969,5,7,1046
676,365,367,365,1,2,1,5.86,18.89,4407350,5,4,0,4408476,6,5,1126
677,367,367,365,1,2,4,7.85,19.27,4432127,6,4,0,4433095,5,9,968
678,365,367,365,1,2,3,2.04,18.72,4455329,6,5,1,4456343,1,1,1014
679,365,367,365,1,2,4,2.34,18.8,4474341,6,5,0,4475386,1,1,1045
680,367,367,365,1,2,3,1.4,19.27,4520872,1,5,0,4521874,1,9,1002
681,365,367,365,1,2,4,6.22,18.76,4542110,1,6,0,4543034,5,5,924
682,367,367,365,1,2,4,3.54,19.55,4568381,2,6,0,4569529,6,5,1148
683,365,367,365,1,2,1,2.58,18.72,4598117,2,1,0,4599648,1,5,1531
684,367,367,365,1,2,4,6.6,20.03,4616115,3,1,0,4617374,5,9,1259
685,365,367,365,1,2,5,1.5,18.8,4643285,3,2,1,4644344,1,6,1059
686,365,367,365,1,2,4,1.53,18.89,4684827,3,2,1,4685875,1,6,1048
687,365,367,365,1,2,2,1.82,18.76,4785954,3,2,1,4786933,1,9,979
688,365,367,365,1,2,3,2.11,19.05,4805830,3,2,1,4807000,1,6,1170
689,365,367,365,1,2,3,1.85,18.76,4905091,3,2,1,4906161,1,1,1070
690,365,367,365,1,2,3,1.99,18.84,4952853,3,2,1,4953781,1,6,928
691,365,367,365,1,2,3,1.96,18.8,5039394,3,2,0,5040432,1,6,1038
692,367,367,365,1,2,3,3.38,19.36,5098797,4,2,1,5099913,6,1,1116
693,365,367,365,1,2,4,2.19,19.18,5641046,1,6,0,5642071,1,6,1025
694,367,367,365,1,2,5,3.52,18.8,5676733,2,6,0,5677735,6,5,1002
695,365,367,365,1,2,3,2.47,19.27,5703406,2,1,0,5704654,1,6,1248
696,367,367,365,1,2,4,6.33,19.41,5724312,3,1,0,5725495,5,9,1183
697,365,367,365,1,2,3,2.02,19.08,5746718,3,2,1,5747686,1,1,968
698,365,367,365,1,2,3,1.76,19.36,5773243,3,2,0,5774244,1,9,1001
699,367,367,365,1,2,4,4.09,18.76,5802211,4,2,0,5803303,6,1,1092
700,365,367,365,1,2,3,6.77,19.08,5825011,4,3,1,5826094,5,6,1083
701,365,367,365,1,2,3,7.06,19.18,5843823,4,3,1,5844970,5,6,1147
702,365,367,365,1,2,3,7.02,19.18,5866196,4,3,1,5867422,5,6,1226
703,365,367,365,1,2,4,7.02,19.18,5972227,4,3,0,5973487,5,5,1260
704,367,367,365,1,2,2,4.47,18.64,6003774,5,3,1,6004820,6,5,1046
705,367,367,365,1,2,3,2.42,18.72,6022963,5,3,0,6024033,1,6,1070
706,365,367,365,1,2,5,2.35,19.08,6051286,5,4,0,6052365,1,7,1079
707,367,367,365,1,2,3,7.68,18.68,6075927,6,4,0,6076985,5,5,1058
708,365,367,365,1,2,4,2.37,19.84,6095806,6,5,1,6096718,1,8,912
709,365,367,365,1,2,3,2.51,19.27,6122962,6,5,1,6124030,1,7,1068
710,365,367,365,1,2,3,2.39,19.27,6141675,6,5,0,6142710,1,6,1035
711,367,367,365,1,2,5,1.23,18.89,6172838,1,5,1,6173976,1,1,1138
712,367,367,365,1,2,3,1.19,18.68,6197334,1,5,0,6198369,1,9,1035
713,365,367,365,1,2,4,6.41,19.36,6220424,1,6,0,6221452,5,7,1028
714,367,367,365,1,2,4,3.65,18.72,6246718,2,6,1,6247842,6,5,1124
715,367,367,365,1,2,3,3.52,18.76,6274493,2,6,0,6275473,6,5,980
716,365,367,365,1,2,3,2.66,19.74,6299600,2,1,0,6300870,1,1,1270
717,367,367,365,1,2,5,6.28,19.29,6321323,3,1,0,6322531,5,1,1208
718,365,367,365,1,2,4,1.89,19.27,6344638,3,2,0,6345539,1,9,901
719,367,367,365,1,2,3,4.01,18.76,6378045,4,2,0,6379071,6,6,1026
720,365,367,365,1,2,4,7.1,19.18,6407542,4,3,1,6408623,5,6,1081
721,365,367,365,1,2,4,7.07,19.36,6427036,4,3,1,6428172,5,5,1136
722,365,367,365,1,2,5,6.94,19.27,6526586,4,3,1,6527678,5,6,1092
723,365,367,365,1,2,1,7.1,19.18,6578223,4,3,0,6579883,5,1,1660
724,367,367,365,1,2,3,2.3,18.97,6599179,5,3,0,6600213,1,5,1034
725,365,367,365,1,2,2,2.31,19.18,6628479,5,4,0,6629506,1,8,1027
726,367,367,365,1,2,3,7.55,18.84,6656523,6,4,1,6657606,5,1,1083
727,367,367,365,1,2,3,7.68,18.68,6681301,6,4,0,6682314,5,1,1013
728,365,367,365,1,2,3,2.48,19.18,6710776,6,5,1,6711803,1,9,1027
729,365,367,365,1,2,1,2.47,19.27,6729781,6,5,0,6731050,1,1,1269
730,367,367,365,1,2,1,1.33,18.76,6777053,1,5,0,6777732,1,1,679
731,365,367,365,1,2,6,2.3,19.36,6803978,1,6,1,6805069,1,9,1091
732,365,367,365,1,2,4,1.7,18.9,6829837,1,6,1,6830940,1,6,1103
733,365,367,365,1,2,5,1.94,19.08,6859772,1,6,1,6860821,1,9,1049
734,367,367,365,1,2,3,1.52,19.18,7069353,1,5,1,7070492,1,6,1139
735,367,367,365,1,2,5,1.74,19.08,7089853,1,5,0,7090912,1,1,1059
736,365,367,365,1,2,3,1.74,18.76,7123140,1,6,1,7124232,1,6,1092
737,365,367,365,1,2,2,1.59,18.93,7153329,1,6,1,7154354,1,8,1025
738,365,367,365,1,2,3,1.91,18.8,7178349,1,6,0,7179485,1,6,1136
739,367,367,365,1,2,3,3.71,19.27,7208012,2,6,0,7209194,6,7,1182
740,365,367,365,1,2,4,2.59,18.8,7230054,2,1,1,7231123,1,6,1069
741,365,367,365,1,2,3,2.42,18.76,7275368,2,1,1,7276419,1,6,1051
742,365,367,365,1,2,3,2.65,18.84,7386614,2,1,1,7387719,1,1,1105
743,365,367,365,1,2,3,2.59,18.93,7411554,2,1,1,7412668,1,1,1114
744,365,367,365,1,2,3,2.81,18.89,7432522,2,1,0,7433680,1,1,1158
745,367,367,365,1,2,3,7.72,19.94,7459168,3,1,0,7460271,5,9,1103
746,365,367,365,1,2,3,1.86,18.93,7481563,3,2,1,7482511,1,6,948
747,365,367,365,1,2,1,1.41,18.76,7502510,3,2,0,7503891,1,6,1381
748,367,367,365,1,2,2,4.33,19.27,7528769,4,2,1,7529770,6,9,1001
749,367,367,365,1,2,3,4.05,19.18,7548509,4,2,0,7549522,6,6,1013
750,365,367,365,1,2,4,6.98,18.8,7573034,4,3,1,7574204,5,6,1170
751,365,367,365,1,2,6,6.98,18.8,7591803,4,3,1,7592851,5,5,1048
752,365,367,365,1,2,3,7.13,18.72,7688226,4,3,0,7689312,5,6,1086
753,367,367,365,1,2,4,7.43,19.08,7716050,5,3,0,7717052,5,9,1002
754,365,367,365,1,2,3,3.71,18.8,7751159,5,4,1,7752216,6,6,1057
755,365,367,365,1,2,5,2.23,18.72,7788330,5,4,1,7789250,1,5,920
756,365,367,365,1,2,3,2.06,18.64,7810808,5,4,1,7811733,1,5,925
757,365,367,365,1,2,3,1.95,18.68,7837219,5,4,0,7838278,1,5,1059
758,367,367,365,1,2,3,7.97,19.08,7858409,6,4,1,7859534,5,6,1125
759,367,367,365,1,2,3,8.04,18.9,7879248,6,4,0,7880284,5,7,1036
760,365,367,365,1,2,6,1.99,18.89,7900566,6,5,1,7901904,1,6,1338
761,365,367,365,1,2,3,1.9,18.76,7917824,6,5,1,7918827,1,6,1003
762,365,367,365,1,2,2,2.37,18.89,7951921,6,5,1,7952947,1,6,1026
763,365,367,365,1,2,5,2.4,18.89,7986649,6,5,1,7987588,1,1,939
764,365,367,365,1,2,1,2.43,18.84,8016039,6,5,0,8016761,1,1,722
765,367,367,365,1,2,3,1.57,19.18,8043752,1,5,0,8044798,1,9,1046
766,365,367,365,1,2,5,6.17,18.8,8067143,1,6,1,8068134,5,5,991
767,365,367,365,1,2,2,6.11,18.72,8089543,1,6,0,8090513,5,5,970
768,367,367,365,1,2,4,4.09,19.27,8121096,2,6,0,8122313,6,8,1217
769,362,362,365,1,2,3,0.9,18.18,752094,1,1,1,753215,1,1,1121
770,362,362,365,1,2,3,1.39,18.62,782065,1,1,0,783196,1,8,1131
771,365,362,365,1,2,3,1.47,18.15,822348,1,2,0,823326,1,1,978
772,362,362,365,1,2,3,5.2,19.29,848307,2,2,0,849477,6,6,1170
773,365,362,365,1,2,3,7.87,18.2,869488,2,3,0,870512,5,1,1024
774,362,362,365,1,2,4,8.12,19.06,896724,3,3,0,897782,5,5,1058
775,365,362,365,1,2,2,2.73,18.05,942082,3,4,1,943014,1,6,932
776,365,362,365,1,2,3,2.14,18.5,969605,3,4,0,970571,1,5,966
777,362,362,365,1,2,3,3.08,19.86,992992,4,4,0,994072,6,7,1080
778,365,362,365,1,2,5,1.65,18.94,1013643,4,5,0,1014616,1,7,973
779,362,362,365,1,2,3,7.7,18.84,1051909,5,5,0,1052951,5,1,1042
780,365,362,365,1,2,3,6.22,18.5,1073563,5,6,0,1074527,5,7,964
781,362,362,365,1,4,6,2.06,19.97,1099494,6,6,1,1100479,1,5,985
782,362,362,365,1,4,5,2.65,20.56,1118379,6,6,1,1119257,1,6,878
783,362,362,365,1,4,3,2.68,19.29,1148302,6,6,1,1149227,1,6,925
784,362,362,365,1,4,1,1.83,20.21,1249912,6,6,0,1251305,1,1,1393
785,365,362,365,1,2,3,1.59,18.8,1270907,6,1,1,1271884,1,7,977
786,365,362,365,1,2,3,1.52,18.45,1290020,6,1,1,1291155,1,5,1135
787,365,362,365,1,2,4,2.33,18.45,1326199,6,1,1,1327305,1,6,1106
788,365,362,365,1,2,3,2.43,18.5,1425813,6,1,1,1426962,1,1,1149
789,365,362,365,1,2,3,1.68,18.3,1449128,6,1,0,1450156,1,6,1028
790,362,362,365,1,2,1,1.32,19.18,1475937,1,1,0,1477405,1,1,1468
791,365,362,365,1,2,4,1.36,18.35,1495817,1,2,0,1496770,1,1,953
792,362,362,365,1,2,5,7.19,19.06,1522021,2,2,0,1522886,5,1,865
793,365,362,365,1,2,5,7.3,18.25,1543785,2,3,0,1544765,5,1,980
794,362,362,365,1,2,3,8.01,19.18,1577437,3,3,0,1578451,5,5,1014
795,365,362,365,1,2,3,6.77,18.45,1606637,3,4,1,1607728,5,1,1091
796,365,362,365,1,2,5,0.76,18.55,1635637,3,4,1,1636686,1,6,1049
797,365,362,365,1,2,3,1.65,18.2,1668715,3,4,1,1669851,1,6,1136
798,365,362,365,1,2,6,3.81,18.65,1776275,3,4,1,1777280,6,6,1005
799,365,362,365,1,2,3,3.4,18.7,1795367,3,4,1,1796538,6,1,1171
800,365,362,365,1,2,3,3.04,18.25,1819570,3,4,1,1820734,6,8,1164
801,365,362,365,1,2,5,1.38,18.55,1853749,3,4,1,1854900,1,6,1151
802,365,362,365,1,2,3,1.39,18.35,1886052,3,4,1,1887190,1,6,1138
803,365,362,365,1,2,4,2.99,18.8,1928552,3,4,0,1929563,1,5,1011
804,362,362,365,1,2,3,3.08,19.63,1967847,4,4,0,1968902,6,5,1055
805,365,362,365,1,2,6,1.47,18.5,1991425,4,5,1,1992449,1,5,1024
806,365,362,365,1,2,3,1.43,18.84,2008358,4,5,1,2009378,1,7,1020
807,365,362,365,1,2,3,1.88,19.06,2253198,1,1,0,2254412,1,5,1214
808,362,362,365,1,2,4,6.14,18.05,2281228,2,1,0,2282250,5,1,1022
809,365,362,365,1,2,3,1.07,19.06,2305695,2,2,1,2306732,1,6,1037
810,365,362,365,1,2,4,1.42,19.4,2339160,2,2,1,2340074,1,6,914
811,365,362,365,1,2,1,1.31,19.4,2358262,2,2,0,2359430,1,5,1168
812,362,362,365,1,2,3,7.51,18.8,2379695,3,2,0,2380765,5,1,1070
813,365,362,365,1,2,5,7.52,18.95,2407504,3,3,0,2408725,5,6,1221
814,362,362,365,1,2,4,3.21,18.35,2460787,4,3,0,2461874,6,5,1087
815,365,362,365,1,2,6,1.67,18.73,2503005,4,4,1,2504321,1,5,1316
816,365,362,365,1,2,6,2.04,18.84,2524676,4,4,1,2525618,1,7,942
817,365,362,365,1,2,4,3.34,18.18,2544629,4,4,0,2545507,6,8,878
818,362,362,365,1,2,5,7.92,18.5,2570691,5,4,1,2571687,5,5,996
819,362,362,365,1,2,1,7.52,18.65,2620108,5,4,0,2621342,5,1,1234
820,365,362,365,1,2,3,1.8,19.29,2638096,5,5,0,2639272,1,5,1176
821,362,362,365,1,4,5,1.67,18.55,2665611,6,5,0,2666681,1,5,1070
822,365,362,365,1,2,6,5.39,19.29,2708343,6,6,1,2709222,6,6,879
823,365,362,365,1,2,4,5.36,19.63,2727238,6,6,0,2728095,6,8,857
824,362,362,365,1,2,4,1.25,19.33,2760767,1,6,1,2761952,1,9,1185
825,362,362,365,1,2,6,1.32,18.99,2784078,1,6,1,2785511,1,8,1433
826,362,362,365,1,2,3,0.88,19.04,2804024,1,6,1,2805065,1,6,1041
827,362,362,365,1,2,1,1.34,18.99,2827690,1,6,0,2829009,1,1,1319
828,365,362,365,1,2,3,1.87,18.51,2848866,1,1,0,2850052,1,5,1186
829,362,362,365,1,2,5,7.58,18.2,2872746,2,1,1,2873677,5,1,931
830,362,362,365,1,2,1,7.33,18.15,2909081,2,1,0,2910253,5,1,1172
831,365,362,365,1,2,3,1.54,19.18,2930183,2,2,1,2931155,1,6,972
832,365,362,365,1,2,5,1.19,18.84,2950449,2,2,1,2951375,1,1,926
833,365,362,365,1,2,4,1.45,18.84,2974918,2,2,0,2975928,1,9,1010
834,362,362,365,1,2,3,7.75,18.2,3001950,3,2,0,3003039,5,9,1089
835,365,362,365,1,2,3,6.78,18.73,3030269,3,3,0,3031264,5,7,995
836,362,362,365,1,2,5,3.08,18.7,3072952,4,3,1,3074044,6,5,1092
837,362,362,365,1,2,4,3.3,18.8,3100735,4,3,1,3102160,6,7,1425
838,362,362,365,1,2,4,2.3,18.4,3204498,4,3,0,3205634,1,1,1136
839,365,362,365,1,2,4,7.62,19.52,3233144,4,4,0,3234119,5,1,975
840,362,362,365,1,2,4,7.31,18.75,3267626,5,4,0,3268520,5,5,894
841,365,362,365,1,2,5,1.86,20.32,3299626,5,5,1,3300588,1,7,962
842,365,362,365,1,2,2,1.25,19.18,3317028,5,5,1,3317940,1,5,912
843,365,362,365,1,2,1,1.34,18.73,3417781,5,5,0,3419034,1,1,1253
844,362,362,365,1,4,3,1.66,19.38,3439482,6,5,0,3440600,1,6,1118
845,365,362,365,1,2,6,5.24,18.95,3461332,6,6,1,3462338,6,5,1006
846,365,362,365,1,2,4,5.85,18.4,3478064,6,6,0,3479038,6,6,974
847,362,362,365,1,2,1,1.32,18.5,3508066,1,6,0,3509082,1,1,1016
848,365,362,365,1,2,3,1.68,18.62,3539309,1,1,0,3540427,1,5,1118
849,362,362,365,1,2,3,6.6,18.4,3566742,2,1,0,3567746,5,1,1004
850,365,362,365,1,2,6,1.19,18.84,3596074,2,2,1,3597061,1,1,987
851,365,362,365,1,2,5,1.34,18.84,3694156,2,2,1,3695082,1,1,926
852,362,362,365,1,2,5,0.86,18.18,4056500,1,1,1,4057777,1,6,1277
853,362,362,365,1,2,1,0.66,19.06,4087393,1,1,0,4088417,1,1,1024
854,365,362,365,1,2,1,1.54,18.45,4108025,1,2,0,4109324,1,5,1299
855,362,362,365,1,2,4,6.19,18.95,4130502,2,2,1,4131348,5,1,846
856,362,362,365,1,2,5,6.95,18.62,4164712,2,2,1,4165597,5,1,885
857,362,362,365,1,2,1,6.38,18.95,4197376,2,2,0,4198515,5,5,1139
858,365,362,365,1,2,5,7.17,18.4,4216446,2,3,1,4217567,5,6,1121
859,365,362,365,1,2,3,7.12,18.3,4235350,2,3,1,4236343,5,8,993
860,365,362,365,1,2,5,7.28,18.89,4268044,2,3,0,4269118,5,7,1074
861,362,362,365,1,2,3,8.36,18.84,4294320,3,3,0,4295526,5,7,1206
862,365,362,365,1,2,5,7.06,18.55,4332281,3,4,0,4333351,5,1,1070
863,362,362,365,1,2,3,3.54,18.84,4358483,4,4,0,4359415,6,7,932
864,365,362,365,1,2,3,1.06,18.6,4382022,4,5,1,4383064,1,7,1042
865,365,362,365,1,2,6,1.3,18.75,4400589,4,5,1,4401533,1,7,944
866,365,362,365,1,2,6,1.45,18.25,4418754,4,5,1,4419808,1,5,1054
867,365,362,365,1,2,5,1.17,18.45,4434564,4,5,0,4435606,1,5,1042
868,362,362,365,1,2,3,7.69,18.73,4493366,5,5,0,4494812,5,8,1446
869,365,362,365,1,2,5,6.29,18.1,4526188,5,6,1,4527144,5,5,956
870,365,362,365,1,2,4,6.17,18.7,4547720,5,6,0,4548630,5,5,910
871,362,362,365,1,4,4,2.31,19.52,4573308,6,6,1,4574330,1,5,1022
872,362,362,365,1,4,3,1.6,20.21,4603735,6,6,0,4604792,1,6,1057
873,365,362,365,1,2,5,1.55,18.25,4629668,6,1,0,4630706,1,7,1038
874,362,362,365,1,2,3,1.44,19.06,4659265,1,1,0,4660588,1,6,1323
875,365,362,365,1,2,5,1.23,18.2,4683053,1,2,1,4684058,1,9,1005
876,365,362,365,1,2,5,1.41,18.35,4710577,1,2,0,4711439,1,9,862
877,362,362,365,1,2,3,5.89,18.51,4739294,2,2,1,4740210,6,6,916
878,362,362,365,1,2,3,6.32,18.29,4764583,2,2,1,4765592,5,1,1009
879,362,362,365,1,2,2,6.33,19.74,4786302,2,2,1,4787601,5,9,1299
880,362,362,365,1,2,4,6.5,19.18,4889035,2,2,0,4890140,5,1,1105
881,365,362,365,1,2,5,7.25,18.25,4911145,2,3,0,4912154,5,6,1009
882,362,362,365,1,2,3,7.04,18.84,4941924,3,3,1,4943032,5,1,1108
883,362,362,365,1,2,2,6.82,18.95,4981405,3,3,0,4982772,5,9,1367
884,365,362,365,1,2,5,1.92,18.2,5020583,3,4,0,5021552,1,7,969
885,362,362,365,1,2,4,2.8,19.06,5048435,4,4,0,5049508,1,5,1073
886,365,362,365,1,2,3,1.62,18.5,5088521,4,5,1,5089428,1,5,907
887,365,362,365,1,2,3,1.41,18.99,5110516,4,5,0,5111489,1,5,973
888,362,362,365,1,2,1,7.59,18.84,5142999,5,5,0,5144099,5,6,1100
889,365,362,365,1,2,3,5.9,18.5,5161798,5,6,1,5162742,6,5,944
890,365,362,365,1,2,4,5.76,18.99,5189886,5,6,0,5190910,6,5,1024
891,362,362,365,1,4,6,2.16,20.44,5216380,6,6,1,5217868,1,8,1488
892,362,362,365,1,4,1,2.12,19.63,5243002,6,6,0,5243710,1,1,708
893,365,362,365,1,2,3,1.83,18.4,5265675,6,1,1,5266772,1,5,1097
894,365,362,365,1,2,5,1.18,18.8,5391507,6,1,0,5392662,1,5,1155
895,362,362,365,1,2,4,0.97,18.84,5427822,1,1,0,5428881,1,6,1059
896,365,362,365,1,2,4,1.23,18.55,5452311,1,2,1,5453324,1,1,1013
897,365,362,365,1,2,4,1.64,18.05,5542328,1,2,1,5543448,1,6,1120
898,360,360,365,1,2,3,6.08,19.4,667791,1,5,0,668991,5,6,1200
899,365,360,365,1,2,5,6.78,18.21,711756,1,6,1,712856,5,5,1100
900,365,360,365,1,2,5,6.82,18.26,732190,1,6,1,733123,5,5,933
901,365,360,365,1,2,1,7.21,18.55,755172,1,6,0,756238,5,1,1066
902,360,360,365,1,2,1,1.95,19.4,776192,2,6,0,777592,1,1,1400
903,365,360,365,1,2,3,1.91,18.26,795240,2,1,0,796307,1,5,1067
904,360,360,365,1,2,3,5.93,19.18,823149,3,1,0,824315,6,9,1166
905,365,360,365,1,2,5,1.22,18.31,856927,3,2,0,857956,1,6,1029
906,360,360,365,1,2,1,1.57,19.07,886288,4,2,0,887862,1,5,1574
907,365,360,365,1,2,3,7.58,18.41,904557,4,3,0,905641,5,5,1084
908,360,360,365,1,2,3,2.23,19.51,926652,5,3,0,927619,1,7,967
909,365,360,365,1,2,3,1.48,18.26,957483,5,4,1,958516,1,5,1033
910,365,360,365,1,2,3,1.39,18.31,983020,5,4,1,984234,1,6,1214
911,365,360,365,1,2,3,1.57,18.11,1007615,5,4,0,1008688,1,6,1073
912,360,360,365,1,4,3,7.07,18.96,1028743,6,4,0,1029910,5,7,1167
913,365,360,365,1,2,3,2.06,18.36,1055017,6,5,0,1056023,1,5,1006
914,360,360,365,1,2,4,4.97,19.18,1083864,1,5,0,1084894,6,9,1030
915,365,360,365,1,2,1,6.77,18.36,1113482,1,6,0,1114749,5,1,1267
916,360,360,365,1,2,5,2.29,19.07,1132591,2,6,1,1133657,1,6,1066
917,360,360,365,1,2,3,2.52,19.62,1160051,2,6,0,1161120,1,5,1069
918,365,360,365,1,2,3,1.84,18.31,1182195,2,1,0,1183204,1,7,1009
919,360,360,365,1,2,5,6.22,19.29,1205171,3,1,1,1206343,5,9,1172
920,360,360,365,1,2,4,6.33,19.29,1232651,3,1,1,1233784,5,9,1133
921,360,360,365,1,2,3,6.33,19.51,1255935,3,1,0,1257068,5,9,1133
922,365,360,365,1,2,1,1.39,18.36,1275875,3,2,0,1277132,1,1,1257
923,360,360,365,1,2,3,1.64,19.18,1298978,4,2,0,1300162,1,1,1184
924,365,360,365,1,2,5,8.07,18.31,1330668,4,3,0,1331724,5,9,1056
925,360,360,365,1,2,5,1.86,19.73,1366071,5,3,1,1367053,1,5,982
926,360,360,365,1,2,4,2.59,19.62,1388872,5,3,0,1389905,1,5,1033
927,365,360,365,1,2,3,7.51,18.41,1429821,5,4,0,1430941,5,1,1120
928,360,360,365,1,4,3,7.46,19.07,1449692,6,4,0,1450980,5,7,1288
929,365,360,365,1,2,5,1.68,18.7,1468899,6,5,1,1469864,1,5,965
930,365,360,365,1,2,1,1.66,18.41,1487215,6,5,0,1488582,1,6,1367
931,360,360,365,1,2,3,4.61,19.62,1514564,1,5,0,1515537,6,6,973
932,365,360,365,1,2,5,1.98,18.5,1542238,1,6,1,1543372,1,6,1134
933,365,360,365,1,2,4,1.77,18.26,1652992,1,6,1,1654106,1,7,1114
934,365,360,365,1,2,3,1.92,18.31,1687865,1,6,1,1688898,1,7,1033
935,365,360,365,1,2,3,1.86,18.6,1788696,1,6,0,1789830,1,8,1134
936,360,360,365,1,2,3,7.38,18.86,1820717,2,6,0,1821783,5,7,1066
937,365,360,365,1,2,3,1.92,18.46,1843893,2,1,0,1844915,1,5,1022
938,360,360,365,1,2,5,7.94,19.29,1877055,3,1,1,1878288,5,5,1233
939,360,360,365,1,2,4,7.86,19.18,1908928,3,1,0,1910117,5,5,1189
940,365,360,365,1,2,2,0.97,18.41,1942187,3,2,1,1943262,1,1,1075
941,365,360,365,1,2,6,1.26,18.21,1973070,3,2,1,1974361,1,6,1291
942,365,360,365,1,2,5,2.06,19.29,2231948,1,5,0,2232981,1,7,1033
943,360,360,365,1,2,5,2.09,18.5,2264448,2,5,1,2265448,1,1,1000
944,360,360,365,1,2,3,1.84,18.6,2287585,2,5,1,2288585,1,1,1000
945,360,360,365,1,2,3,2.08,18.98,2324899,2,5,0,2325951,1,1,1052
946,365,360,365,1,2,3,6.74,19.84,2346372,2,6,1,2347276,5,7,904
947,365,360,365,1,2,5,6.41,19.51,2373959,2,6,0,2374929,5,8,970
948,360,360,365,1,2,3,7.84,18.46,2408288,3,6,0,2409394,5,7,1106
949,365,360,365,1,2,5,2.02,19.51,2432694,3,1,1,2433710,1,7,1016
950,365,360,365,1,2,3,1.82,19.18,2477325,3,1,1,2478458,1,7,1133
951,365,360,365,1,2,1,1.64,19.95,2496123,3,1,0,2497456,1,1,1333
952,360,360,365,1,2,2,1.34,18.26,2520765,4,1,1,2521732,1,5,967
953,360,360,365,1,2,1,1.28,18.46,2538240,4,1,0,2539498,1,1,1258
954,365,360,365,1,2,4,1.46,19.07,2558112,4,2,1,2559077,1,8,965
955,365,360,365,1,2,5,1.71,19.18,2595563,4,2,1,2596507,1,8,944
956,365,360,365,1,2,4,1.6,19.29,2623928,4,2,0,2625011,1,9,1083
957,360,360,365,1,2,5,3.67,18.84,2645089,5,2,1,2646088,6,7,999
958,360,360,365,1,2,3,3.55,18.7,2673896,5,2,0,2674929,6,8,1033
959,365,360,365,1,2,3,7.51,19.29,2695647,5,3,0,2696690,5,9,1043
960,360,360,365,1,4,3,7.66,18.65,2717289,6,3,0,2718498,5,5,1209
961,365,360,365,1,2,2,2.82,19.29,2752107,6,4,1,2753128,1,8,1021
962,365,360,365,1,2,4,2.82,19.29,2772457,6,4,0,2773524,1,6,1067
963,360,360,365,1,2,3,2.33,18.41,2802808,1,4,1,2803897,1,5,1089
964,360,360,365,1,2,3,2.71,18.31,2824194,1,4,0,2825227,1,5,1033
965,365,360,365,1,2,6,1.95,19.4,2841481,1,5,1,2842530,1,5,1049
966,365,360,365,1,2,3,1.94,18.75,2874259,1,5,0,2875293,1,7,1034
967,360,360,365,1,2,5,2.24,18.93,2900264,2,5,1,2901264,1,8,1000
968,360,360,365,1,2,1,2.38,18.89,2926943,2,5,0,2928154,1,1,1211
969,365,360,365,1,2,3,2.07,19.18,2948833,2,6,0,2949933,1,7,1100
970,360,360,365,1,2,4,8,18.55,2982647,3,6,0,2983747,5,8,1100
971,365,360,365,1,2,3,1.99,19.4,3007134,3,1,0,3008167,1,7,1033
972,360,360,365,1,2,4,1.34,18.26,3042856,4,1,1,3043841,1,6,985
973,360,360,365,1,2,5,0.78,18.21,3068320,4,1,0,3069354,1,9,1034
974,365,360,365,1,2,6,1.46,19.18,3113459,4,2,1,3114359,1,8,900
975,365,360,365,1,2,5,1.6,19.29,3130880,4,2,1,3131878,1,8,998
976,365,360,365,1,2,5,1.84,19.51,3235716,4,2,1,3236716,1,9,1000
977,365,360,365,1,2,2,1.46,19.18,3264790,4,2,0,3265684,1,8,894
978,360,360,365,1,2,4,1.18,18.36,3305001,5,2,1,3305995,1,1,994
979,360,360,365,1,2,3,4.27,19.07,3408770,5,2,1,3409817,6,7,1047
980,360,360,365,1,2,3,4.55,19.12,3440890,5,2,0,3441973,6,5,1083
981,365,360,365,1,2,3,7.54,19.18,3472840,5,3,1,3473937,5,1,1097
982,365,360,365,1,2,4,7.57,18.96,3501699,5,3,0,3502743,5,9,1044
983,360,360,365,1,2,4,7.52,18.5,3545570,6,3,0,3546524,5,7,954
984,365,360,365,1,2,3,2.56,19.29,3571833,6,4,0,3572899,1,7,1066
985,360,360,365,1,2,5,2.16,18.36,3603421,1,4,0,3604621,1,5,1200
986,365,360,365,1,2,4,2.18,19.07,3674341,1,5,0,3675374,1,7,1033
987,360,360,365,1,2,3,2.27,18.65,3700114,2,5,0,3701120,1,6,1006
988,365,360,365,1,2,3,1.96,19.18,3813631,2,6,1,3814663,1,7,1032
989,360,360,365,1,2,4,5.15,19.51,4168429,1,5,0,4169529,6,9,1100
990,365,360,365,1,2,5,6.75,18.31,4192771,1,6,1,4193871,5,5,1100
991,365,360,365,1,2,3,6.43,18.5,4223563,1,6,1,4224796,5,5,1233
992,365,360,365,1,2,3,6.84,18.41,4242616,1,6,1,4243716,5,5,1100
993,365,360,365,1,2,4,6.96,18.36,4287433,1,6,1,4288376,5,8,943
994,365,360,365,1,2,6,6.7,18.36,4383727,1,6,1,4384694,5,6,967
995,365,360,365,1,2,3,6.65,18.41,4399718,1,6,0,4400697,5,8,979
996,360,360,365,1,2,1,4.35,20.06,4423519,2,6,0,4424585,6,1,1066
997,365,360,365,1,2,5,1.56,18.41,4441671,2,1,0,4442708,1,5,1037
998,360,360,365,1,2,3,4.89,19.07,4465879,3,1,0,4467045,6,9,1166
999,365,360,365,1,2,3,1.15,18.36,4488143,3,2,1,4489143,1,5,1000
1000,365,360,365,1,2,4,1.5,18.21,4510428,3,2,1,4511362,1,6,934
1001,365,360,365,1,2,3,1.27,18.36,4530770,3,2,1,4531637,1,8,867
1002,365,360,365,1,2,6,1.28,18.46,4561359,3,2,1,4562292,1,1,933
1003,365,360,365,1,2,5,1.13,18.36,4594580,3,2,0,4595538,1,6,958
1004,360,360,365,1,2,2,2.86,19.07,4622558,4,2,1,4623638,1,9,1080
1005,360,360,365,1,2,5,2.46,19.18,4641687,4,2,0,4642620,1,9,933
1006,365,360,365,1,2,4,7.39,18.41,4681492,4,3,0,4682581,5,9,1089
1007,360,360,365,1,2,5,0.89,19.18,4708139,5,3,0,4709406,1,2,1267
1008,365,360,365,1,2,5,6.65,18.46,4742518,5,4,1,4743559,5,6,1041
1009,365,360,365,1,2,4,6.44,18.26,4768545,5,4,0,4769582,5,1,1037
1010,360,360,365,1,2,3,7.3,19.29,4802642,6,4,0,4803808,5,5,1166
1011,365,360,365,1,2,5,1.66,18.36,4822224,6,5,1,4823161,1,7,937
1012,365,360,365,1,2,5,1.68,18.31,4919135,6,5,0,4920184,1,6,1049
1013,360,360,365,1,4,6,1.17,19.29,4956546,1,5,1,4957679,1,9,1133
1014,360,360,365,1,4,3,1.07,19.18,4974283,1,5,0,4975438,1,9,1155
1015,365,360,365,1,2,2,1.61,18.41,5005893,1,6,0,5006918,1,7,1025
1016,360,360,365,1,4,5,8.06,18.86,5037364,2,6,1,5038404,5,8,1040
1017,360,360,365,1,4,3,8.17,18.96,5060421,2,6,0,5061587,5,6,1166
1018,365,360,365,1,2,3,1.61,18.36,5085396,2,1,1,5086412,1,5,1016
1019,365,360,365,1,2,3,1.81,18.21,5106522,2,1,0,5107588,1,5,1066
1020,360,360,365,1,2,4,6.33,19.29,5137123,3,1,0,5138290,5,9,1167
1021,365,360,365,1,2,5,1.28,18.41,5158487,3,2,1,5159420,1,1,933
1022,365,360,365,1,2,6,1.43,18.26,5181715,3,2,1,5182847,1,1,1132
1023,365,360,365,1,2,5,1.27,18.26,5198991,3,2,0,5199991,1,1,1000
1024,360,360,365,1,2,5,2.32,19.07,5220671,4,2,1,5221738,1,7,1067
1025,360,360,365,1,2,3,2.29,19.07,5246088,4,2,0,5247222,1,7,1134
1026,365,360,365,1,2,4,7.52,18.5,5278645,4,3,1,5279712,5,9,1067
1027,365,365,366,1,2,3,1.02,19.34,286431,5,1,0,287411,1,6,980
1028,366,365,366,1,2,3,7.5,19.63,313933,5,2,0,314865,5,1,932
1029,365,365,366,1,2,1,7,18.86,361304,6,2,0,362419,5,1,1115
1030,366,365,366,1,2,3,1.19,19.38,382378,6,3,1,383390,1,5,1012
1031,366,365,366,1,2,3,1.85,20.01,415274,6,3,0,416186,1,5,912
1032,365,365,366,1,2,3,1.49,19.18,441464,1,3,0,442577,1,8,1113
1033,366,365,366,1,2,3,8.71,19.89,464350,1,4,0,465297,5,6,947
1034,365,365,366,1,2,5,0.81,18.81,488729,2,4,0,489691,1,8,962
1035,366,365,366,1,2,1,1.26,19.63,514002,2,5,0,515435,1,5,1433
1036,365,365,366,1,2,5,8.02,18.92,531648,3,5,1,532762,5,7,1114
1037,365,365,366,1,2,3,8.44,18.97,565073,3,5,1,566068,5,1,995
1038,365,365,366,1,2,3,8.03,19.08,590693,3,5,1,591740,5,5,1047
1039,365,365,366,1,2,4,7.97,18.81,615138,3,5,1,616183,5,5,1045
1040,365,365,366,1,2,5,7.98,19.02,661175,3,5,0,662172,5,5,997
1041,366,365,366,1,2,5,8.46,19.89,691757,3,6,1,692485,5,6,728
1042,366,365,366,1,2,1,8.24,20.4,729688,3,6,0,730819,5,1,1131
1043,365,365,366,1,2,3,0.69,19.24,753870,4,6,0,754832,1,6,962
1044,366,365,366,1,2,1,0.48,19.51,772996,4,1,0,774225,1,1,1229
1045,365,365,366,1,2,4,0.94,19.08,790222,5,1,0,791166,1,9,944
1046,366,365,366,1,2,3,0.86,19.38,816609,5,2,0,817536,1,8,927
1047,365,365,366,1,2,5,7.56,18.86,839142,6,2,0,840322,5,6,1180
1048,366,365,366,1,2,4,8.25,19.26,871995,6,3,1,873041,5,5,1046
1049,366,365,366,1,2,3,8.46,19.26,901394,6,3,1,902338,5,5,944
1050,366,365,366,1,2,3,8.11,19.63,937870,6,3,0,938865,5,6,995
1051,365,365,366,1,2,3,0.75,19.02,961170,1,3,0,962299,1,6,1129
1052,366,365,366,1,2,3,1.06,19.51,985223,1,4,0,986151,1,9,928
1053,365,365,366,1,2,3,0.74,18.92,1022592,2,4,1,1023522,1,1,930
1054,365,365,366,1,2,6,0.61,18.97,1044503,2,4,1,1045396,1,1,893
1055,365,365,366,1,2,1,0.8,18.97,1168020,2,4,0,1169282,1,1,1262
1056,366,365,366,1,2,3,0.62,19.89,1186666,2,5,0,1187815,1,6,1149
1057,365,365,366,1,2,3,7.99,19.18,1207628,3,5,0,1208707,5,7,1079
1058,366,365,366,1,2,3,0.7,20.01,1235293,3,6,0,1236339,1,6,1046
1059,365,365,366,1,2,4,1.64,19.02,1277242,4,6,0,1278137,1,5,895
1060,366,365,366,1,2,5,8.29,19.76,1299582,4,1,1,1300544,5,5,962
1061,366,365,366,1,2,3,8.61,19.63,1322515,4,1,1,1323460,5,6,945
1062,366,365,366,1,2,3,8.58,19.26,1449183,4,1,0,1450312,5,5,1129
1063,365,365,366,1,2,3,1.15,19.02,1471299,5,1,0,1472277,1,6,978
1064,366,365,366,1,2,3,0.84,19.76,1499908,5,2,0,1500954,1,1,1046
1065,365,365,366,1,2,1,2.65,19.55,1538153,6,2,0,1539617,1,5,1464
1066,366,365,366,1,2,5,8.06,20.14,1561056,6,3,1,1562069,5,6,1013
1067,366,365,366,1,2,3,8.27,19.51,1585229,6,3,0,1586242,5,5,1013
1068,365,365,366,1,2,6,1.51,18.81,1618581,1,3,1,1619661,1,8,1080
1069,365,365,366,1,2,4,1.23,19.02,1727298,1,3,1,1728378,1,9,1080
1070,365,365,366,1,2,3,1.38,18.86,1749513,1,3,0,1750508,1,6,995
1071,366,365,366,1,2,1,0.85,19.51,1771701,1,4,0,1773063,1,1,1362
1072,365,365,366,1,2,1,0.54,19.08,1796247,2,4,0,1797577,1,1,1330
1073,366,365,366,1,2,5,1.31,20.14,1815614,2,5,0,1816592,1,7,978
1074,365,365,366,1,2,4,8.27,19.08,1943412,3,5,1,1944460,5,5,1048
1075,366,365,366,1,2,3,0.79,19.18,2195637,5,1,1,2196599,1,8,962
1076,366,365,366,1,2,2,0.72,18.97,2220833,5,1,0,2222163,1,8,1330
1077,365,365,366,1,2,2,8.03,19.63,2243904,6,1,0,2244817,5,6,913
1078,366,365,366,1,2,3,1.51,19.13,2269181,6,2,1,2270261,1,8,1080
1079,366,365,366,1,2,3,1.08,19.13,2296538,6,2,0,2297503,1,6,965
1080,365,365,366,1,2,4,0.99,19.89,2319664,1,2,1,2320744,1,6,1080
1081,365,365,366,1,2,3,1.5,19.76,2358145,1,2,1,2359310,1,6,1165
1082,365,365,366,1,2,3,0.73,19.51,2379032,1,2,0,2380027,1,9,995
1083,366,365,366,1,2,1,7.97,19.18,2404036,1,3,0,2405286,5,1,1250
1084,365,365,366,1,2,3,1.27,19.38,2423832,2,3,0,2424794,1,8,962
1085,366,365,366,1,2,3,8.15,18.92,2446729,2,4,0,2447792,5,5,1063
1086,365,365,366,1,2,3,8.2,19.76,2470623,3,4,1,2471551,5,8,928
1087,365,365,366,1,2,3,8.12,19.76,2497876,3,4,0,2498888,5,8,1012
1088,366,365,366,1,2,5,2.8,19.34,2537570,3,5,0,2538680,1,5,1110
1089,365,365,366,1,2,3,0.82,20.01,2568327,4,5,1,2569307,1,7,980
1090,365,365,366,1,2,1,1.52,19.26,2589662,4,5,0,2590606,1,5,944
1091,366,365,366,1,2,3,8.22,19.02,2611600,4,6,1,2612798,5,6,1198
1092,366,365,366,1,2,3,8.24,19.08,2638524,4,6,0,2639520,5,8,996
1093,365,365,366,1,2,3,0.74,19.38,2662218,5,6,0,2663247,1,7,1029
1094,366,365,366,1,2,3,0.71,19.18,2685982,5,1,0,2686961,1,9,979
1095,365,365,366,1,2,3,1.44,19.26,2725361,6,1,1,2726625,1,6,1264
1096,365,365,366,1,2,3,1.33,19.76,2757662,6,1,1,2758725,1,9,1063
1097,365,365,366,1,2,4,0.98,19.38,2886218,6,1,0,2887264,1,9,1046
1098,366,365,366,1,2,3,2.16,18.81,2917558,6,2,0,2918670,1,7,1112
1099,365,365,366,1,2,3,0.88,19.76,2950659,1,2,0,2951771,1,6,1112
1100,366,365,366,1,2,3,7.37,18.97,2978073,1,3,0,2979101,5,1,1028
1101,365,365,366,1,2,3,1.6,19.38,3005612,2,3,0,3006592,1,6,980
1102,366,365,366,1,2,1,8.19,19.02,3026568,2,4,0,3027850,5,5,1282
1103,365,365,366,1,2,3,7.73,19.38,3045429,3,4,0,3046459,5,6,1030
1104,366,365,366,1,2,3,2.94,18.86,3069489,3,5,0,3070584,1,6,1095
1105,365,365,366,1,2,3,1.76,19.38,3108049,4,5,1,3109114,1,5,1065
1106,365,365,366,1,2,3,1.38,19.63,3248933,4,5,1,3249963,1,5,1030
1107,365,365,366,1,2,3,0.85,20.27,3272279,4,5,0,3273241,1,5,962
1108,366,365,366,1,2,3,8.02,18.86,3295738,4,6,0,3296716,5,7,978
1109,365,365,366,1,2,5,0.98,19.38,3324374,5,6,0,3325268,1,7,894
1110,366,365,366,1,2,4,0.36,19.34,3349852,5,1,0,3350865,1,1,1013
1111,365,365,366,1,2,6,8.24,19.76,3377136,6,1,1,3378049,5,8,913
1112,365,365,366,1,2,3,7.86,19.51,3396987,6,1,1,3397898,5,8,911
1113,365,365,366,1,2,3,6.48,19.89,3417082,6,1,1,3418011,5,5,929
1114,365,365,366,1,2,2,7.99,19.63,3445234,6,1,1,3446146,5,5,912
1115,365,365,366,1,2,3,1.21,18.89,3806477,5,2,0,3807363,1,7,886
1116,366,365,366,1,2,3,1.18,19.36,3833551,5,3,0,3834577,1,6,1026
1117,365,365,366,1,2,4,8.25,18.83,3854627,6,3,0,3855557,5,7,930
1118,366,365,366,1,2,3,8.09,19.22,3877354,6,4,1,3878457,5,5,1103
1119,366,365,366,1,2,3,8.18,19.22,3897183,6,4,0,3898241,5,5,1058
1120,365,365,366,1,2,4,0.68,19.24,3921536,1,4,0,3922620,1,5,1084
1121,366,365,366,1,2,3,2.04,19.29,3945059,1,5,0,3946035,1,6,976
1122,365,365,366,1,2,4,0.88,18.87,3973594,2,5,1,3974594,1,1,1000
1123,365,365,366,1,2,4,0.63,18.76,3993906,2,5,1,3994834,1,9,928
1124,365,365,366,1,2,6,0.53,18.7,4032006,2,5,1,4033205,1,1,1199
1125,365,365,366,1,2,5,0.87,18.76,4051063,2,5,1,4052430,1,2,1367
1126,365,365,366,1,2,4,0.55,18.87,4073955,2,5,1,4074824,1,1,869
1127,365,365,366,1,2,4,0.66,18.82,4192517,2,5,0,4193547,1,9,1030
1128,366,365,366,1,2,3,1.02,19.68,4220077,2,6,1,4221101,1,1,1024
1129,366,365,366,1,2,5,1.1,19.16,4248290,2,6,1,4249346,1,7,1056
1130,366,365,366,1,2,1,1.23,19.16,4280157,2,6,0,4281163,1,5,1006
1131,365,365,366,1,2,4,7.96,18.7,4301411,3,6,0,4302403,5,7,992
1132,366,365,366,1,2,3,0.98,19.68,4322294,3,1,1,4323707,1,7,1413
1133,366,365,366,1,2,3,1.1,19.03,4366470,3,1,0,4367591,1,4,1121
1134,365,365,366,1,2,3,1,18.87,4394459,4,1,0,4395519,1,5,1060
1135,366,365,366,1,2,1,1.19,19.16,4420297,4,2,0,4421580,1,1,1283
1136,365,365,366,1,2,5,1.05,19.43,4438303,5,2,1,4439298,1,7,995
1137,365,365,366,1,2,3,1.22,19.37,4461351,5,2,1,4462326,1,7,975
1138,365,365,366,1,2,4,0.92,18.7,4481465,5,2,0,4482317,1,5,852
1139,366,365,366,1,2,3,0.73,19.16,4515452,5,3,0,4516497,1,6,1045
1140,365,365,366,1,2,3,7.85,18.93,4537667,6,3,1,4538755,5,8,1088
1141,365,365,366,1,2,5,7.25,18.93,4559209,6,3,1,4560167,5,6,958
1142,365,365,366,1,2,3,7.23,19.21,4684529,6,3,0,4685547,5,6,1018
1143,366,365,366,1,2,3,2.27,19.42,4710877,6,4,0,4711933,1,5,1056
1144,365,365,366,1,2,3,1.19,18.65,4737487,1,4,0,4738507,1,7,1020
1145,366,365,366,1,2,3,1.56,18.9,4759739,1,5,1,4760788,1,5,1049
1146,366,365,366,1,2,3,1.78,19.03,4790082,1,5,0,4791091,1,6,1009
1147,365,365,366,1,2,4,0.71,18.7,4820274,2,5,1,4821247,1,1,973
1148,365,365,366,1,2,4,1.18,18.93,4842531,2,5,1,4843507,1,1,976
1149,365,365,366,1,2,4,0.72,19.04,4864479,2,5,0,4865471,1,1,992
1150,366,365,366,1,2,3,1.63,19.42,4889621,2,6,0,4890647,1,6,1026
1151,365,365,366,1,2,4,8.43,18.82,4916212,3,6,0,4917275,5,6,1063
1152,366,365,366,1,2,3,0.96,19.95,4939713,3,1,1,4940739,1,1,1026
1153,366,365,366,1,2,2,0.95,19.29,4957477,3,1,1,4958757,1,7,1280
1154,366,365,366,1,2,5,0.72,19.42,5067597,3,1,0,5068647,1,7,1050
1155,365,365,366,1,2,4,1,18.87,5099407,4,1,0,5100249,1,5,842
1156,366,365,366,1,2,1,0.42,19.82,5124244,4,2,0,5125556,1,1,1312
1157,365,365,366,1,2,4,1.07,18.99,5141631,5,2,0,5142581,1,7,950
1158,366,365,366,1,2,3,0.81,19.42,5169443,5,3,0,5170434,1,1,991
1159,365,365,366,1,2,4,6.92,18.99,5263365,6,3,1,5264379,5,6,1014
1160,365,365,358,1,2,3,1.52,18.88,465421,1,6,1,466516,1,6,1095
1161,365,365,358,1,2,1,1.8,18.52,498119,1,6,0,499231,1,1,1112
1162,358,365,358,1,2,5,1.71,19.32,515641,1,1,0,516753,1,9,1112
1163,365,365,358,1,2,2,1.3,18.56,549247,2,1,1,550191,1,6,944
1164,365,365,358,1,2,3,0.66,18.88,668416,2,1,1,669343,1,6,927
1165,365,365,358,1,2,5,1.42,18.64,688742,2,1,0,689721,1,1,979
1166,358,365,358,1,3,3,2.12,19.6,718081,2,2,0,718791,1,6,710
1167,365,365,358,1,2,3,7.11,18.52,739079,3,2,1,740074,5,1,995
1168,365,365,358,1,2,5,7.05,18.56,761673,3,2,0,762769,5,1,1096
1169,358,365,358,1,2,1,7.58,19.97,785927,3,3,0,786980,5,1,1053
1170,365,365,358,1,2,4,2.58,18.84,809331,4,3,0,810419,1,6,1088
1171,358,365,358,1,2,4,7.08,19.32,831528,4,4,1,832651,5,7,1123
1172,358,365,358,1,2,3,5.68,19.22,851269,4,4,1,852391,6,8,1122
1173,358,365,358,1,2,5,7.01,19.6,871867,4,4,1,872969,5,7,1102
1174,358,365,358,1,2,3,6.08,19.69,897559,4,4,0,898697,5,8,1138
1175,365,365,358,1,2,6,2.01,18.72,920164,5,4,1,921241,1,7,1077
1176,365,365,358,1,2,5,1.65,18.72,936656,5,4,0,937713,1,5,1057
1177,358,365,358,1,2,5,1.48,19.6,962038,5,5,1,963070,1,9,1032
1178,358,365,358,1,2,3,1.81,19.88,994618,5,5,0,995675,1,8,1057
1179,365,365,358,1,2,3,6.55,18.52,1015774,6,5,0,1016800,5,6,1026
1180,358,365,358,1,2,3,4.12,19.69,1037629,6,6,0,1038966,6,8,1337
1181,365,365,358,1,2,3,1.72,18.6,1059488,1,6,0,1060522,1,5,1034
1182,358,365,358,1,2,4,1.79,19.32,1093732,1,1,1,1094822,1,8,1090
1183,358,365,358,1,2,3,1.67,19.22,1114699,1,1,0,1115672,1,9,973
1184,365,365,358,1,2,3,1.24,18.56,1141301,2,1,0,1142229,1,6,928
1185,358,365,358,1,3,3,1.95,19.5,1161779,2,2,1,1162471,1,8,692
1186,358,365,358,1,3,5,1.42,19.22,1201942,2,2,0,1202619,1,7,677
1187,365,365,358,1,2,3,6.85,18.72,1227823,3,2,0,1228913,5,6,1090
1188,358,365,358,1,2,3,7.89,19.41,1338478,3,3,0,1339304,5,9,826
1189,365,365,358,1,2,3,2.02,18.92,1362861,4,3,0,1363957,1,1,1096
1190,358,365,358,1,2,3,7.18,19.6,1383876,4,4,0,1384989,5,8,1113
1191,365,365,358,1,2,4,1.91,18.8,1403707,5,4,1,1404702,1,5,995
1192,365,365,358,1,2,1,2.16,18.88,1441773,5,4,0,1442805,1,1,1032
1193,358,365,358,1,2,4,2.3,19.22,1458223,5,5,0,1459318,1,9,1095
1194,365,365,358,1,2,3,6.12,18.84,1477306,6,5,0,1478219,5,5,913
1195,358,365,358,1,2,3,6.7,19.32,1499859,6,6,0,1500921,5,7,1062
1196,365,365,358,1,2,3,1.43,18.72,1523134,1,6,0,1524114,1,5,980
1197,358,365,358,1,2,3,1.95,19.5,1546938,1,1,0,1548016,1,8,1078
1198,365,365,358,1,2,3,2.09,18.64,1574890,2,1,1,1575900,1,1,1010
1199,365,365,358,1,2,3,1.43,18.84,1696537,2,1,1,1697531,1,1,994
1200,365,365,358,1,2,1,1.24,18.8,1731793,2,1,0,1732973,1,1,1180
1201,358,365,358,1,3,5,1.51,18.95,1756127,2,2,0,1757260,1,2,1133
1202,365,365,358,1,2,3,7.3,18.68,1920053,3,2,0,1921166,5,1,1113
1203,358,365,358,1,2,3,7.53,19.04,1943251,3,3,1,1944095,5,6,844
1204,358,365,358,1,2,1,7.67,19.32,2056612,3,3,0,2057706,5,1,1094
1205,365,365,358,1,2,3,1.7,18.64,2083696,4,3,0,2084691,1,6,995
1206,358,365,358,1,2,3,6.54,19.6,2223918,4,4,1,2225016,5,6,1098
1207,358,365,358,1,2,5,6.95,19.22,2244647,4,4,0,2245709,5,7,1062
1208,365,365,358,1,2,3,2.01,19.16,2276989,5,4,1,2278019,1,5,1030
1209,365,365,358,1,2,3,1.42,18.96,2304503,5,4,1,2305482,1,5,979
1210,358,365,358,1,2,3,3.44,18.84,2534945,5,6,0,2536192,6,1,1247
1211,365,365,358,1,2,4,7.38,19.41,2562833,6,6,1,2563747,5,8,914
1212,365,365,358,1,2,3,7.61,19.69,2601149,6,6,1,2602144,5,7,995
1213,365,365,358,1,2,5,6.85,19.78,2625325,6,6,0,2626284,5,7,959
1214,358,365,358,1,2,5,1.77,18.44,2653168,6,1,0,2654212,1,5,1044
1215,365,365,358,1,2,3,2.04,19.5,2680279,1,1,0,2681305,1,7,1026
1216,358,365,358,1,3,3,1.4,19.08,2706157,1,2,0,2706935,1,1,778
1217,365,365,358,1,2,4,1.97,19.04,2734402,2,2,1,2735362,1,9,960
1218,365,365,358,1,2,6,1.69,19.6,2759242,2,2,1,2760219,1,9,977
1219,365,365,358,1,2,3,1.76,19.13,2868474,2,2,0,2869437,1,9,963
1220,358,365,358,1,2,2,7.19,18.6,2890846,2,3,1,2891774,5,6,928
1221,358,365,358,1,2,1,6.97,18.96,2919188,2,3,0,2920250,5,5,1062
1222,365,365,358,1,2,3,7.28,19.88,2937563,3,3,0,2938557,5,7,994
1223,358,365,358,1,2,4,4.58,18.92,2960392,3,4,0,2961521,6,1,1129
1224,365,365,358,1,2,3,4.16,19.22,2988930,4,4,1,2989856,6,7,926
1225,365,365,358,1,2,5,4.07,19.6,3012510,4,4,1,3013590,6,8,1080
1226,365,365,358,1,2,3,3.18,19.88,3038690,4,4,1,3039716,6,8,1026
1227,365,365,358,1,2,3,2.58,19.69,3186242,4,4,1,3187152,1,7,910
1228,365,365,358,1,2,3,2.03,19.6,3221132,4,4,1,3222144,1,5,1012
1229,365,365,358,1,2,4,3.11,19.22,3242137,4,4,0,3243148,6,6,1011
1230,358,365,358,1,2,5,1.13,18.56,3274331,4,5,0,3275493,1,5,1162
1231,365,365,358,1,2,3,2.51,19.32,3328130,5,5,0,3329109,1,7,979
1232,358,365,358,1,2,6,4.02,18.72,3354376,5,6,1,3355487,6,1,1111
1233,358,365,358,1,2,3,3.8,18.72,3373233,5,6,0,3374415,6,6,1182
1234,365,365,358,1,2,1,7.21,19.32,3394411,6,6,0,3395639,5,1,1228
1235,358,365,358,1,2,3,1.18,19.12,3416861,6,1,0,3418074,1,6,1213
1236,365,365,358,1,2,5,1.8,19.13,3441055,1,1,0,3442066,1,7,1011
1237,358,365,358,1,3,6,1.49,18.8,3467134,1,2,1,3467882,1,6,748
1238,358,365,358,1,3,1,1.17,18.96,3489505,1,2,0,3490771,1,1,1266
1239,365,365,358,1,2,5,1.67,19.13,3509650,2,2,1,3510728,1,1,1078
1240,365,365,358,1,2,6,1.96,19.41,3534835,2,2,1,3535763,1,9,928
1241,365,365,358,1,2,1,1.96,19.22,3553299,2,2,0,3554364,1,5,1065
1242,358,365,358,1,2,3,6.59,18.76,3574158,2,3,0,3575022,5,6,864
1243,365,365,358,1,2,3,8,19.78,3599053,3,3,1,3600046,5,7,993
1244,365,365,358,1,2,3,7.37,19.22,3618625,3,3,0,3619603,5,7,978
1245,358,365,358,1,2,4,6.32,19.2,3640913,3,4,0,3642178,5,6,1265
1246,365,365,358,1,2,3,2.41,19.78,3678122,4,4,1,3679134,1,7,1012
1247,365,365,358,1,2,3,2.39,19.22,3703167,4,4,1,3704129,1,7,962
1248,365,365,358,1,2,5,1.78,18.6,4057535,5,5,1,4058555,1,5,1020
1249,365,365,358,1,2,3,2.61,18.88,4076116,5,5,0,4077195,1,5,1079
1250,358,365,358,1,2,5,1.94,19.69,4101972,5,6,0,4103101,1,7,1129
1251,365,365,358,1,2,3,6.63,18.68,4123179,6,6,1,4124208,5,6,1029
1252,365,365,358,1,2,1,6.59,18.88,4143330,6,6,0,4144473,5,1,1143
1253,358,365,358,1,2,4,1.92,19.22,4161247,6,1,0,4162277,1,8,1030
1254,365,365,358,1,2,3,1.63,18.84,4186730,1,1,1,4187811,1,5,1081
1255,365,365,358,1,2,3,1.65,18.76,4217935,1,1,1,4218913,1,5,978
1256,365,365,358,1,2,5,1.11,19,4306229,1,1,0,4307258,1,5,1029
1257,358,365,358,1,3,3,1.54,19.22,4328554,1,2,0,4329263,1,8,709
1258,365,365,358,1,2,5,0.81,19.04,4360198,2,2,1,4361159,1,1,961
1259,365,365,358,1,2,4,1.35,18.84,4506180,2,2,1,4507225,1,1,1045
1260,365,365,358,1,2,1,1.74,18.88,4537544,2,2,0,4538571,1,6,1027
1261,358,365,358,1,2,3,4.25,19.5,4555750,2,3,0,4556983,6,7,1233
1262,365,365,358,1,2,4,7.37,18.84,4576993,3,3,0,4578004,5,5,1011
1263,358,365,358,1,2,4,6.64,18.95,4625513,3,4,1,4626641,5,7,1128
1264,358,365,358,1,2,3,7.17,19.32,4645389,3,4,0,4646533,5,8,1144
1265,365,365,358,1,2,4,3.21,18.56,4672770,4,4,1,4673732,6,6,962
1266,365,365,358,1,2,4,2.26,18.68,4707331,4,4,1,4708430,1,5,1099
1267,365,365,358,1,2,3,2.24,18.72,4744444,4,4,1,4745405,1,6,961
1268,365,365,358,1,2,3,1.86,18.96,4873479,4,4,1,4874540,1,6,1061
1269,365,365,358,1,2,5,1.9,18.76,4900152,4,4,1,4901048,1,6,896
1270,365,365,358,1,2,5,1.67,19.44,4939024,4,4,1,4940118,1,5,1094
1271,365,365,358,1,2,3,1.31,18.68,4964808,4,4,1,4965918,1,1,1110
1272,365,365,358,1,2,5,1.77,18.84,4989588,4,4,1,4990517,1,5,929
1273,365,365,358,1,2,5,2.39,19,5067367,4,4,1,5068343,1,5,976
1274,365,365,358,1,2,6,6.42,18.8,5177281,4,4,1,5178427,5,1,1146
1275,365,365,358,1,2,3,7.07,18.76,5207532,4,4,1,5208576,5,1,1044
1276,365,365,358,1,2,3,6.56,18.88,5230242,4,4,0,5231206,5,1,964
1277,358,365,358,1,2,3,2.11,19.78,5260492,4,5,0,5261738,1,7,1246
1278,365,365,358,1,2,3,1.89,18.6,5279661,5,5,0,5280656,1,6,995
1279,358,365,358,1,2,3,2.23,19.04,5307888,5,6,0,5308932,1,7,1044
1280,365,365,358,1,2,3,5.57,18.52,5338735,6,6,1,5339863,6,5,1128
1281,361,361,365,1,2,3,6.59,18.83,681978,1,5,1,682927,5,1,949
1282,361,361,365,1,2,5,6.84,19.03,706930,1,5,0,707853,5,8,923
1283,365,361,365,1,2,2,6.39,18.31,730257,1,6,1,731241,5,6,984
1284,365,361,365,1,2,5,5.94,18.64,752566,1,6,1,753536,6,5,970
1285,365,361,365,1,2,3,6.12,18.77,776312,1,6,1,777152,5,6,840
1286,365,361,365,1,2,4,5.93,18.36,795505,1,6,0,796488,6,7,983
1287,361,361,365,1,2,6,1.22,19.24,822023,2,6,1,823093,1,5,1070
1288,361,361,365,1,2,3,1.36,19.24,839661,2,6,0,840724,1,6,1063
1289,365,361,365,1,2,3,2.74,18.59,867689,2,1,1,868818,1,1,1129
1290,365,361,365,1,2,3,2.56,18.12,891523,2,1,0,892535,1,6,1012
1291,361,361,365,1,2,5,3.1,18.83,913850,3,1,0,914688,6,9,838
1292,365,361,365,1,2,4,1.14,18.41,938169,3,2,0,939030,1,5,861
1293,361,361,365,1,2,5,1.46,19.45,970221,4,2,1,971099,1,5,878
1294,361,361,365,1,2,5,1.54,19.77,995934,4,2,0,996965,1,5,1031
1295,365,361,365,1,2,5,6.73,18.31,1017468,4,3,0,1018471,5,5,1003
1296,361,361,365,1,2,2,2.77,19.45,1043151,5,3,1,1044216,1,5,1065
1297,361,361,365,1,2,2,2.73,18.52,1064318,5,3,0,1065238,1,5,920
1298,365,361,365,1,2,5,6.42,18.59,1092115,5,4,1,1093021,5,6,906
1299,365,361,365,1,2,4,6.09,18.27,1118448,5,4,1,1119307,5,8,859
1300,365,361,365,1,2,3,6.24,18.45,1138697,5,4,0,1139777,5,6,1080
1301,361,361,365,1,2,1,2.6,19.35,1169627,6,4,0,1170912,1,1,1285
1302,365,361,365,1,2,3,2.19,18.64,1184734,6,5,0,1185796,1,6,1062
1303,361,361,365,1,2,5,6.32,19.14,1214151,1,5,0,1215120,5,1,969
1304,365,361,365,1,2,5,6.32,18.87,1241029,1,6,0,1241936,5,8,907
1305,361,361,365,1,2,5,1.89,18.93,1274451,2,6,0,1275953,1,4,1502
1306,365,361,365,1,2,3,2.51,18.22,1315552,2,1,1,1316575,1,8,1023
1307,365,361,365,1,2,4,2.69,19.05,1419553,2,1,1,1420571,1,1,1018
1308,365,361,365,1,2,4,2.68,18.77,1460047,2,1,0,1461046,1,9,999
1309,361,361,365,1,2,1,2.53,19.24,1484284,3,1,0,1485382,1,1,1098
1310,365,361,365,1,2,5,1.35,18.41,1503526,3,2,0,1504349,1,5,823
1311,361,361,365,1,2,4,1.22,19.35,1541950,4,2,0,1542842,1,5,892
1312,365,361,365,1,2,1,6.58,18.59,1584555,4,3,0,1585848,5,1,1293
1313,361,361,365,1,2,4,2.66,19.67,1604623,5,3,0,1605689,1,5,1066
1314,365,361,365,1,2,4,6.43,18.45,1629555,5,4,0,1630427,5,6,872
1315,361,361,365,1,2,3,2.27,19.03,1654848,6,4,0,1655786,1,5,938
1316,365,361,365,1,2,5,2.18,18.5,1672798,6,5,1,1673780,1,6,982
1317,365,361,365,1,2,5,2.1,18.59,1777079,6,5,1,1778064,1,5,985
1318,365,361,365,1,2,5,2.3,18.5,1810147,6,5,0,1811057,1,5,910
1319,361,361,365,1,2,3,6.16,18.31,1835968,1,5,1,1836813,5,6,845
1320,361,361,365,1,2,5,6.7,18.21,1863331,1,5,1,1864249,5,1,918
1321,361,361,365,1,2,4,7.07,19.77,1966657,1,5,0,1967634,5,6,977
1322,365,361,365,1,2,3,6.22,18.5,1995127,1,6,0,1996016,5,6,889
1323,361,361,365,1,2,3,2.37,19.03,2033368,2,6,0,2034475,1,5,1107
1324,365,361,365,1,2,3,2.7,18.73,2056848,2,1,0,2057882,1,6,1034
1325,361,361,365,1,2,5,2.49,18.42,2081553,3,1,1,2082649,1,9,1096
1326,361,361,365,1,2,4,2.81,19.35,2103897,3,1,0,2104784,1,6,887
1327,365,361,365,1,2,1,2.71,19.03,2329128,6,5,0,2330017,1,5,889
1328,361,361,365,1,2,3,6.33,18.54,2352350,1,5,1,2353267,5,9,917
1329,361,361,365,1,2,5,6.41,18.36,2373859,1,5,0,2374777,5,8,918
1330,365,361,365,1,2,3,6.09,18.31,2413687,1,6,0,2414649,5,7,962
1331,361,361,365,1,2,5,2.15,19.09,2438789,2,6,0,2439914,1,8,1125
1332,365,361,365,1,2,5,1.91,18.62,2463545,2,1,0,2464462,1,7,917
1333,361,361,365,1,2,1,6.36,18.5,2488063,3,1,0,2489215,5,1,1152
1334,365,361,365,1,2,1,1.34,19.03,2506601,3,2,0,2507853,1,1,1252
1335,361,361,365,1,2,5,1.21,18.96,2530362,4,2,0,2531279,1,5,917
1336,365,361,365,1,2,3,7.44,19.35,2553224,4,3,1,2554238,5,9,1014
1337,365,361,365,1,2,6,7.53,19.24,2573479,4,3,1,2574379,5,9,900
1338,365,361,365,1,2,5,7.69,18.93,2590173,4,3,0,2591163,5,9,990
1339,361,361,365,1,2,4,6.17,18.54,2617741,5,3,0,2618725,5,1,984
1340,365,361,365,1,2,3,6.11,19.03,2677189,5,4,0,2678282,5,8,1093
1341,361,361,365,1,2,3,2.84,18.82,2702511,6,4,1,2703523,1,5,1012
1342,361,361,365,1,2,5,2.57,18.91,2746945,6,4,0,2747894,1,7,949
1343,365,361,365,1,2,5,2.16,19.14,2784728,6,5,1,2785709,1,5,981
1344,365,361,365,1,2,6,1.9,19.56,2805482,6,5,1,2806668,1,5,1186
1345,365,361,365,1,2,5,2.04,19.45,2822331,6,5,1,2823376,1,5,1045
1346,365,361,365,1,2,3,1.78,19.14,2942605,6,5,1,2943633,1,5,1028
1347,365,361,365,1,2,3,2.22,19.45,2961855,6,5,1,2962901,1,5,1046
1348,365,361,365,1,2,3,2.04,19.45,2992818,6,5,0,2993786,1,5,968
1349,361,361,365,1,2,4,6.36,18.54,3019651,1,5,0,3020673,5,1,1022
1350,365,361,365,1,2,5,5.98,19.14,3048477,1,6,1,3049458,6,7,981
1351,365,361,365,1,2,4,5.74,19.24,3088043,1,6,1,3088994,6,8,951
1352,365,361,365,1,2,3,5.91,19.14,3109059,1,6,0,3109970,6,7,911
1353,361,361,365,1,2,3,2.29,18.68,3133562,2,6,0,3134599,1,7,1037
1354,365,361,365,1,2,4,1.61,19.14,3154727,2,1,1,3155693,1,7,966
1355,365,361,365,1,2,5,1.95,18.52,3272531,2,1,0,3273642,1,7,1111
1356,361,361,365,1,2,3,3.12,18.45,3295918,3,1,1,3296821,6,1,903
1357,361,361,365,1,2,6,2.79,18.68,3318448,3,1,1,3319341,1,6,893
1358,361,361,365,1,2,3,2.92,18.59,3338094,3,1,0,3339303,1,6,1209
1359,365,361,365,1,2,3,1.15,18.83,3359188,3,2,0,3360177,1,6,989
1360,361,361,365,1,2,5,1.3,18.59,3395529,4,2,0,3396547,1,5,1018
1361,365,361,365,1,2,3,7.53,19.14,3416156,4,3,0,3417145,5,8,989
1362,361,361,365,1,2,3,3.01,18.59,3442374,5,3,0,3443461,6,6,1087
1363,365,361,365,1,2,4,6.26,19.35,3469186,5,4,1,3470143,5,9,957
1364,365,361,365,1,2,3,6.28,18.72,3501102,5,4,1,3502011,5,8,909
1365,365,361,365,1,2,4,6.76,18.72,3520350,5,4,1,3521310,5,9,960
1366,365,361,365,1,2,3,6.53,19.03,3556376,5,4,0,3557525,5,8,1149
1367,361,361,365,1,2,5,2.8,18.87,3588896,6,4,0,3589843,1,5,947
1368,361,361,365,1,2,3,6.48,18.72,3949868,1,5,0,3950826,5,8,958
1369,365,361,365,1,2,4,6.09,18.41,3970845,1,6,0,3971829,5,6,984
1370,361,361,365,1,2,1,1.97,19.45,3996931,2,6,0,3997786,1,1,855
1371,365,361,365,1,2,6,1.6,18.68,4015603,2,1,1,4016683,1,7,1080
1372,365,361,365,1,2,4,1.65,18.73,4034642,2,1,0,4035670,1,6,1028
1373,361,361,365,1,2,3,2.67,19.45,4058593,3,1,0,4059525,1,8,932
1374,365,361,365,1,2,1,1.58,18.68,4081821,3,2,0,4082611,1,1,790
1375,361,361,365,1,2,3,1.36,18.62,4104501,4,2,1,4105570,1,5,1069
1376,361,361,365,1,2,3,1.39,19.45,4142720,4,2,1,4143636,1,6,916
1377,361,361,365,1,2,1,7.48,19.45,4166857,4,2,0,4167752,5,5,895
1378,365,361,365,1,2,5,7.5,18.87,4183242,4,3,1,4184317,5,1,1075
1379,365,361,365,1,2,5,7.79,18.68,4202282,4,3,1,4203278,5,1,996
1380,365,361,365,1,2,1,7.76,18.73,4225181,4,3,0,4226646,5,6,1465
1381,361,361,365,1,2,6,3.02,19.24,4244503,5,3,1,4245507,6,5,1004
1382,361,361,365,1,2,5,2.44,18.93,4262483,5,3,0,4263496,1,5,1013
1383,365,361,365,1,2,5,6.36,18.87,4294376,5,4,1,4295308,5,1,932
1384,365,361,365,1,2,3,6.37,18.64,4322243,5,4,1,4323279,5,1,1036
1385,365,361,365,1,2,4,6.52,18.91,4369274,5,4,0,4370223,5,9,949
1386,361,361,365,1,2,5,2.3,19.03,4409636,6,4,0,4410621,1,5,985
1387,365,361,365,1,2,3,2.37,18.64,4431007,6,5,0,4432033,1,8,1026
1388,361,361,365,1,2,2,6.66,19.03,4459093,1,5,1,4459962,5,9,869
1389,361,361,365,1,2,2,6.92,19.45,4489756,1,5,1,4490779,5,8,1023
1390,361,361,365,1,2,5,6.71,19.24,4517272,1,5,1,4518224,5,1,952
1391,361,361,365,1,2,6,6.96,18.83,4628776,1,5,1,4629680,5,9,904
1392,361,361,365,1,2,5,6.92,18.52,4648647,1,5,1,4649687,5,8,1040
1393,361,361,365,1,2,5,6.73,18.83,4692570,1,5,0,4693681,5,1,1111
1394,365,361,365,1,2,5,6.34,18.87,4729671,1,6,0,4730686,5,8,1015
1395,361,361,365,1,2,4,1.69,18.83,4756802,2,6,0,4757950,1,5,1148
1396,365,361,365,1,2,5,1.92,19,4786439,2,1,0,4787390,1,6,951
1397,361,361,365,1,2,4,1.98,19.35,4833630,3,1,1,4834532,1,6,902
1398,361,361,365,1,2,1,6.58,18.72,4864043,3,1,0,4864962,5,1,919
1399,365,361,365,1,2,5,1.57,18.54,4884729,3,2,0,4885670,1,6,941
1400,361,361,365,1,2,4,7.15,19.24,4912693,4,2,0,4913650,5,9,957
1401,365,361,365,1,2,3,7.78,18.45,4953045,4,3,1,4954073,5,1,1028
1402,365,361,365,1,2,5,7.18,18.59,4985674,4,3,1,4986595,5,1,921
1403,365,361,365,1,2,4,7.22,18.64,5089411,4,3,0,5090417,5,6,1006
1404,361,361,365,1,2,4,6.52,18.72,5127835,5,3,0,5128877,5,9,1042
1405,365,361,365,1,2,3,6.31,18.59,5162592,5,4,1,5163508,5,8,916
1406,365,361,365,1,2,3,3.15,18.64,5274139,5,4,0,5275092,6,6,953
1407,361,361,365,1,2,4,2.37,19.14,5297771,6,4,0,5298763,1,5,992
1408,365,361,365,1,2,3,2.27,18.36,5318626,6,5,1,5319715,1,5,1089
1409,365,361,365,1,2,3,2.34,18.5,5353684,6,5,1,5354669,1,5,985
1410,365,361,365,1,2,4,2.08,18.64,5372185,6,5,1,5373204,1,7,1019
1411,365,361,365,1,2,3,2.5,18.77,5394264,6,5,1,5395237,1,5,973
1412,365,361,365,1,2,2,2.54,18.77,5453077,6,5,1,5454127,1,5,1050
1413,357,357,365,1,2,3,5.89,19.19,774770,2,5,0,776000,6,1,1230
1414,365,357,365,1,2,3,5.96,19.43,806476,2,6,0,807493,6,7,1017
1415,357,357,365,1,2,3,6.08,18.85,828710,3,6,1,829791,5,6,1081
1416,357,357,365,1,2,1,7.02,19.09,850216,3,6,0,851612,5,1,1396
1417,365,357,365,1,2,3,1.98,19.66,870099,3,1,1,871262,1,5,1163
1418,365,357,365,1,2,4,1.85,19.2,893865,3,1,0,894912,1,7,1047
1419,357,357,365,1,2,3,1.68,18.94,924606,4,1,0,925635,1,1,1029
1420,365,357,365,1,2,3,1.4,19.32,946256,4,2,0,947118,1,8,862
1421,357,357,365,1,2,1,7.47,18.99,970496,5,2,0,971194,5,5,698
1422,365,357,365,1,2,3,6.75,19.55,986413,5,3,0,987542,5,9,1129
1423,357,357,365,1,2,3,7.75,19.14,1008288,6,3,1,1009486,5,1,1198
1424,357,357,365,1,2,3,3.19,19.48,1028355,6,3,0,1029551,6,5,1196
1425,365,357,365,1,2,4,2.63,19.2,1053295,6,4,1,1054302,1,6,1007
1426,365,357,365,1,2,3,3.13,20.36,1072632,6,4,1,1073611,6,6,979
1427,365,357,365,1,2,2,2.51,19.66,1093023,6,4,1,1094052,1,6,1029
1428,365,357,365,1,2,5,2,19.32,1115130,6,4,1,1116142,1,8,1012
1429,365,357,365,1,2,3,2.88,19.66,1144288,6,4,1,1145234,1,6,946
1430,365,357,365,1,2,3,2.77,19.55,1177340,6,4,1,1178319,1,6,979
1431,365,357,365,1,2,4,2.45,20.36,1284798,6,4,1,1285743,1,6,945
1432,365,357,365,1,2,3,2.97,19.32,1310979,6,4,1,1311992,1,7,1013
1433,365,357,365,1,2,3,2.92,19.55,1334669,6,4,1,1335647,1,6,978
1434,365,357,365,1,2,3,2,19.2,1354916,6,4,0,1356062,1,7,1146
1435,357,357,365,1,2,5,3.21,19.24,1395240,1,4,0,1396422,6,5,1182
1436,365,357,365,1,2,3,1.47,19.43,1422291,1,5,0,1423473,1,6,1182
1437,357,357,365,1,2,3,7.22,19.04,1459860,2,5,1,1460939,5,1,1079
1438,357,357,365,1,2,3,7.67,19.24,1488903,2,5,0,1490068,5,1,1165
1439,365,357,365,1,2,3,6,19.43,1509482,2,6,0,1510478,6,7,996
1440,357,357,365,1,2,4,7.15,18.9,1531583,3,6,0,1532625,5,6,1042
1441,365,357,365,1,2,3,1.34,19.09,1555026,3,1,0,1556056,1,5,1030
1442,357,357,365,1,2,6,1.28,18.94,1591563,4,1,1,1592792,1,1,1229
1443,357,357,365,1,2,6,1.8,18.94,1611595,4,1,1,1612658,1,9,1063
1444,357,357,365,1,2,5,1.28,18.94,1631416,4,1,1,1632445,1,1,1029
1445,357,357,365,1,2,3,1.55,19.24,1737222,4,1,1,1738301,1,1,1079
1446,357,357,365,1,2,4,1.57,19.09,1762689,4,1,0,1763802,1,1,1113
1447,365,357,365,1,2,6,1.78,19.2,1785015,4,2,1,1785994,1,1,979
1448,365,357,365,1,2,4,1.82,19.09,1803010,4,2,0,1803938,1,9,928
1449,357,357,365,1,2,5,7.4,18.85,1834398,5,2,1,1835360,5,5,962
1450,357,357,365,1,2,3,2.59,18.99,1869049,5,2,0,1870127,1,6,1078
1451,365,357,365,1,2,3,7.76,19.43,1888209,5,3,0,1889224,5,9,1015
1452,357,357,365,1,2,3,6.62,19.19,1907961,6,3,0,1909208,5,6,1247
1453,365,357,365,1,2,5,2.59,19.43,1931641,6,4,1,1932581,1,8,940
1454,365,357,365,1,2,3,2.32,19.55,1952785,6,4,1,1953645,1,7,860
1455,365,357,365,1,2,5,2.68,18.98,1988017,6,4,0,1989013,1,7,996
1456,357,357,365,1,2,3,3.14,19.24,2013164,1,4,0,2014226,6,7,1062
1457,365,357,365,1,2,3,1.8,18.94,2232824,2,5,0,2233887,1,6,1063
1458,357,357,365,1,2,2,5.78,19.78,2260220,3,5,0,2261114,6,1,894
1459,365,357,365,1,2,5,5.98,19.33,2281194,3,6,0,2282207,6,5,1013
1460,357,357,365,1,2,3,1.35,19.43,2311879,4,6,0,2312925,1,5,1046
1461,365,357,365,1,2,4,1.85,18.9,2355068,4,1,1,2356131,1,5,1063
1462,365,357,365,1,2,6,1.6,19.29,2379204,4,1,1,2380318,1,5,1114
1463,365,357,365,1,2,3,1.92,18.85,2397606,4,1,0,2398620,1,5,1014
1464,357,357,365,1,2,5,7.66,18.98,2421290,5,1,0,2422320,5,9,1030
1465,365,357,365,1,2,3,1.29,19.04,2442687,5,2,0,2443748,1,6,1061
1466,357,357,365,1,3,1,5.97,19.89,2464871,6,2,0,2465868,6,6,997
1467,365,357,365,1,2,5,5.95,18.94,2486097,6,3,1,2487091,6,5,994
1468,365,357,365,1,2,5,7.3,18.94,2520413,6,3,1,2521409,5,5,996
1469,365,357,365,1,2,1,7.06,18.9,2549095,6,3,0,2550326,5,1,1231
1470,357,357,365,1,2,3,2.24,19.78,2568572,1,3,0,2569651,1,9,1079
1471,365,357,365,1,2,3,1.87,18.9,2594540,1,4,0,2595635,1,5,1095
1472,357,357,365,1,2,3,1.45,19.66,2628063,2,4,1,2629142,1,5,1079
1473,357,357,365,1,2,5,1.93,19.2,2648233,2,4,1,2649180,1,7,947
1474,357,357,365,1,2,3,2.07,19.43,2673468,2,4,0,2674453,1,5,985
1475,365,357,365,1,2,4,1.51,18.99,2696820,2,5,0,2697816,1,6,996
1476,357,357,365,1,2,6,6.18,19.09,2718587,3,5,1,2719747,5,6,1160
1477,357,357,365,1,2,3,5.92,19.43,2734560,3,5,0,2735472,6,7,912
1478,365,357,365,1,2,3,6.19,18.94,2754914,3,6,0,2756011,5,6,1097
1479,357,357,365,1,2,6,2.77,19.66,2796154,4,6,1,2797230,1,5,1076
1480,357,357,365,1,2,3,0.95,19.89,2817930,4,6,0,2818829,1,6,899
1481,365,357,365,1,2,3,1.32,19.14,2843663,4,1,0,2844811,1,5,1148
1482,357,357,365,1,1,3,5.54,18.98,2863369,5,1,0,2864652,6,8,1283
1483,365,357,365,1,2,5,1.91,18.8,2890024,5,2,0,2891019,1,1,995
1484,357,357,365,1,2,1,5.97,19.89,2911240,6,2,0,2911784,6,5,544
1485,365,357,365,1,2,5,7.32,19.29,2928183,6,3,0,2929313,5,5,1130
1486,357,357,365,1,2,3,2.63,19.2,2952951,1,3,0,2954085,1,8,1134
1487,365,357,365,1,2,1,7.48,18.85,2980934,1,4,0,2981649,5,1,715
1488,357,357,365,1,2,1,2.37,19.43,2996837,2,4,0,2998217,1,1,1380
1489,365,357,365,1,2,4,2.75,19.33,3017895,2,5,1,3018908,1,6,1013
1490,365,357,365,1,2,3,3.01,19.14,3048071,2,5,1,3049436,6,7,1365
1491,365,357,365,1,2,3,2.03,19.09,3068657,2,5,0,3069653,1,6,996
1492,357,357,365,1,2,3,6.11,19.32,3091305,3,5,0,3092319,5,8,1014
1493,365,357,365,1,2,1,6.08,18.85,3115794,3,6,0,3117145,5,1,1351
1494,357,357,365,1,2,4,1.71,19.09,3142228,4,6,0,3143206,1,6,978
1495,365,357,365,1,2,3,2.11,18.8,3164962,4,1,0,3166209,1,6,1247
1496,357,357,365,1,1,3,5.59,19.66,3185621,5,1,0,3186868,6,7,1247
1497,365,357,365,1,2,4,1.61,18.99,3215825,5,2,1,3216805,1,1,980
1498,365,357,365,1,2,3,1.11,18.9,3328777,5,2,1,3329740,1,1,963
1499,365,357,365,1,2,3,1.29,19.04,3427210,5,2,0,3428138,1,1,928
1500,357,357,365,1,2,3,6.26,19.55,3457591,6,2,0,3458792,5,7,1201
1501,365,357,365,1,2,3,7.62,18.9,3478242,6,3,1,3479354,5,6,1112
1502,357,357,365,1,2,3,7.18,19.19,3841172,2,5,1,3842218,5,6,1046
1503,357,357,365,1,2,3,6.26,19.09,3866868,2,5,0,3867863,5,1,995
1504,365,357,365,1,2,4,6.16,19.78,3887817,2,6,1,3888795,5,7,978
1505,365,357,365,1,2,3,7.72,19.43,3911396,2,6,1,3912458,5,7,1062
1506,365,357,365,1,2,5,5.91,19.09,3938908,2,6,0,3939887,6,5,979
1507,357,357,365,1,2,6,1.31,18.65,3966101,3,6,1,3967720,1,6,1619
1508,357,357,365,1,2,3,1.67,18.85,3982469,3,6,0,3983632,1,6,1163
1509,365,357,365,1,2,3,2.29,19.32,4004735,3,1,0,4005780,1,7,1045
1510,357,357,365,1,2,1,1.42,18.75,4035138,4,1,0,4035884,1,1,746
1511,365,357,365,1,2,3,1.84,19.43,4054227,4,2,0,4055137,1,8,910
1512,357,357,365,1,2,5,7.82,18.9,4078151,5,2,0,4079214,5,6,1063
1513,365,357,365,1,2,5,6.2,19.78,4101246,5,3,0,4102309,5,1,1063
1514,357,357,365,1,2,4,7.11,18.8,4120483,6,3,1,4121562,5,6,1079
1515,357,357,365,1,2,1,6.06,19.29,4150322,6,3,0,4151753,5,1,1431
1516,365,357,365,1,2,5,2.91,19.89,4174252,6,4,0,4175330,1,8,1078
1517,357,357,365,1,2,1,2.9,18.94,4197962,1,4,0,4198724,1,6,762
1518,365,357,365,1,2,3,3.19,19.43,4212993,1,5,0,4214020,6,7,1027
1519,357,357,365,1,2,5,6.88,18.9,4237560,2,5,0,4238571,5,8,1011
1520,365,357,365,1,2,2,5.85,19.66,4258151,2,6,1,4259169,6,7,1018
1521,365,357,365,1,2,3,6.56,19.55,4277250,2,6,1,4278296,5,7,1046
1522,365,357,365,1,2,3,6.23,19.66,4297174,2,6,1,4298154,5,7,980
1523,365,357,365,1,2,5,6.42,19.78,4316758,2,6,0,4317787,5,8,1029
1524,357,357,365,1,2,3,2.37,19.04,4339198,3,6,1,4340547,1,6,1349
1525,357,357,365,1,2,5,2.54,19.09,4355434,3,6,0,4356620,1,6,1186
1526,365,357,365,1,2,5,2.11,19.32,4378164,3,1,0,4379259,1,7,1095
1527,357,357,365,1,2,5,0.84,18.94,4408639,4,1,0,4409696,1,1,1057
1528,365,357,365,1,2,4,1.35,19.55,4434487,4,2,0,4435370,1,7,883
1529,357,357,365,1,2,4,7.61,18.75,4470048,5,2,0,4471060,5,6,1012
1530,365,357,365,1,2,1,6.83,19.55,4498806,5,3,0,4499700,5,5,894
1531,357,357,365,1,2,3,7.12,18.99,4514470,6,3,0,4515466,5,1,996
1532,365,357,365,1,2,2,2.3,19.09,4544454,6,4,1,4545484,1,8,1030
1533,365,357,365,1,2,3,1.95,19.55,4580166,6,4,0,4581176,1,8,1010
1534,357,357,365,1,2,3,3.13,19.19,4611969,1,4,0,4613131,6,5,1162
1535,365,357,365,1,2,3,2.08,19.89,4634223,1,5,1,4635253,1,7,1030
1536,365,357,365,1,2,5,2.21,19.55,4740524,1,5,0,4741503,1,7,979
1537,357,357,365,1,2,3,6.9,19.04,4768723,2,5,1,4769851,5,1,1128
1538,357,357,365,1,2,6,7.1,18.94,4792244,2,5,1,4793256,5,6,1012
1539,357,357,365,1,2,4,6.74,18.9,4893735,2,5,0,4894849,5,1,1114
1540,365,357,365,1,2,3,6.06,19.09,4913394,2,6,0,4914540,5,5,1146
1541,357,357,365,1,2,5,1.52,19.14,4935384,3,6,1,4936580,1,6,1196
1542,357,357,365,1,2,3,3.11,19.29,5039982,3,6,1,5041230,6,6,1248
1543,357,357,365,1,2,3,3.55,19.33,5076588,3,6,1,5077872,6,6,1284
1544,357,357,365,1,2,3,4.38,19.09,5103758,3,6,0,5104905,6,5,1147
1545,365,357,365,1,2,3,1.35,19.43,5140604,3,1,1,5141734,1,6,1130
1546,365,357,365,1,2,3,2.22,19.2,5165527,3,1,0,5166556,1,6,1029
1547,357,357,365,1,2,4,1.1,19.04,5196708,4,1,0,5197905,1,9,1197
1548,365,357,365,1,2,3,1.15,19.66,5237444,4,2,1,5238339,1,7,895
1549,365,357,365,1,2,3,1.24,19.55,5346096,4,2,1,5347091,1,5,995
